elapsed_sec,total_pss_kb,total_rss_kb,battery_temp_c,battery_level,thermal_status,foreground_window
5,367389,469960,34.4,100,3,mCurrentFocus=Window{30d9502 u0 com.mimicompany.truegate/com.unity3d.player.UnityPlayerGameActivity}
10.7,401820,505324,34.4,100,3,mCurrentFocus=Window{30d9502 u0 com.mimicompany.truegate/com.unity3d.player.UnityPlayerGameActivity}
16.2,413277,516788,34.4,100,3,mCurrentFocus=Window{30d9502 u0 com.mimicompany.truegate/com.unity3d.player.UnityPlayerGameActivity}
21.7,420984,524500,34.5,100,3,mCurrentFocus=Window{30d9502 u0 com.mimicompany.truegate/com.unity3d.player.UnityPlayerGameActivity}
27.2,428337,531856,34.5,100,3,mCurrentFocus=Window{30d9502 u0 com.mimicompany.truegate/com.unity3d.player.UnityPlayerGameActivity}
32.6,432892,536412,34.6,100,3,mCurrentFocus=Window{30d9502 u0 com.mimicompany.truegate/com.unity3d.player.UnityPlayerGameActivity}
38.1,433322,536892,34.6,100,3,mCurrentFocus=Window{30d9502 u0 com.mimicompany.truegate/com.unity3d.player.UnityPlayerGameActivity}
43.6,440074,543648,34.8,100,3,mCurrentFocus=Window{30d9502 u0 com.mimicompany.truegate/com.unity3d.player.UnityPlayerGameActivity}
49.1,448036,551668,34.7,100,3,mCurrentFocus=Window{30d9502 u0 com.mimicompany.truegate/com.unity3d.player.UnityPlayerGameActivity}
54.5,449377,553128,34.9,100,3,mCurrentFocus=Window{30d9502 u0 com.mimicompany.truegate/com.unity3d.player.UnityPlayerGameActivity}
60,450603,554176,34.9,100,3,mCurrentFocus=Window{30d9502 u0 com.mimicompany.truegate/com.unity3d.player.UnityPlayerGameActivity}
65.5,452149,555728,35.0,100,3,mCurrentFocus=Window{30d9502 u0 com.mimicompany.truegate/com.unity3d.player.UnityPlayerGameActivity}
70.9,452392,555964,35.1,100,3,mCurrentFocus=Window{30d9502 u0 com.mimicompany.truegate/com.unity3d.player.UnityPlayerGameActivity}
76.4,452688,556260,35.2,100,3,mCurrentFocus=Window{30d9502 u0 com.mimicompany.truegate/com.unity3d.player.UnityPlayerGameActivity}
81.9,453000,556576,35.2,100,3,mCurrentFocus=Window{30d9502 u0 com.mimicompany.truegate/com.unity3d.player.UnityPlayerGameActivity}
87.3,453424,557016,35.3,100,3,mCurrentFocus=Window{30d9502 u0 com.mimicompany.truegate/com.unity3d.player.UnityPlayerGameActivity}
92.8,453700,557292,35.3,100,3,mCurrentFocus=Window{30d9502 u0 com.mimicompany.truegate/com.unity3d.player.UnityPlayerGameActivity}
98.3,453960,557552,35.4,100,3,mCurrentFocus=Window{30d9502 u0 com.mimicompany.truegate/com.unity3d.player.UnityPlayerGameActivity}
103.8,454592,558188,35.4,100,3,mCurrentFocus=Window{30d9502 u0 com.mimicompany.truegate/com.unity3d.player.UnityPlayerGameActivity}
109.2,455024,558620,35.6,100,3,mCurrentFocus=Window{30d9502 u0 com.mimicompany.truegate/com.unity3d.player.UnityPlayerGameActivity}
114.7,455200,558796,35.6,100,3,mCurrentFocus=Window{30d9502 u0 com.mimicompany.truegate/com.unity3d.player.UnityPlayerGameActivity}
120.2,455348,558944,35.6,100,3,mCurrentFocus=Window{30d9502 u0 com.mimicompany.truegate/com.unity3d.player.UnityPlayerGameActivity}
125.6,455464,559064,35.7,100,3,mCurrentFocus=Window{30d9502 u0 com.mimicompany.truegate/com.unity3d.player.UnityPlayerGameActivity}
131.1,455408,559008,35.7,100,3,mCurrentFocus=Window{30d9502 u0 com.mimicompany.truegate/com.unity3d.player.UnityPlayerGameActivity}
136.6,455640,559244,35.9,100,3,mCurrentFocus=Window{30d9502 u0 com.mimicompany.truegate/com.unity3d.player.UnityPlayerGameActivity}
142,455920,559524,35.9,100,3,mCurrentFocus=Window{30d9502 u0 com.mimicompany.truegate/com.unity3d.player.UnityPlayerGameActivity}
147.5,456324,559928,35.9,100,3,mCurrentFocus=Window{30d9502 u0 com.mimicompany.truegate/com.unity3d.player.UnityPlayerGameActivity}
152.9,456860,560464,36.0,100,3,mCurrentFocus=Window{30d9502 u0 com.mimicompany.truegate/com.unity3d.player.UnityPlayerGameActivity}
158.4,457272,560880,36.0,100,3,mCurrentFocus=Window{30d9502 u0 com.mimicompany.truegate/com.unity3d.player.UnityPlayerGameActivity}
163.9,457585,561184,36.0,100,3,mCurrentFocus=Window{30d9502 u0 com.mimicompany.truegate/com.unity3d.player.UnityPlayerGameActivity}
169.3,457713,561312,36.1,100,3,mCurrentFocus=Window{30d9502 u0 com.mimicompany.truegate/com.unity3d.player.UnityPlayerGameActivity}
174.7,457865,561464,36.1,100,3,mCurrentFocus=Window{30d9502 u0 com.mimicompany.truegate/com.unity3d.player.UnityPlayerGameActivity}
180.2,457925,561524,36.1,100,3,mCurrentFocus=Window{30d9502 u0 com.mimicompany.truegate/com.unity3d.player.UnityPlayerGameActivity}
185.6,458101,561704,36.2,100,3,mCurrentFocus=Window{30d9502 u0 com.mimicompany.truegate/com.unity3d.player.UnityPlayerGameActivity}
191.1,458217,561820,36.3,100,3,mCurrentFocus=Window{30d9502 u0 com.mimicompany.truegate/com.unity3d.player.UnityPlayerGameActivity}
196.6,459365,562992,36.3,100,3,mCurrentFocus=Window{30d9502 u0 com.mimicompany.truegate/com.unity3d.player.UnityPlayerGameActivity}
202,459437,563064,36.4,100,3,mCurrentFocus=Window{30d9502 u0 com.mimicompany.truegate/com.unity3d.player.UnityPlayerGameActivity}
207.5,459517,563144,36.4,100,3,mCurrentFocus=Window{30d9502 u0 com.mimicompany.truegate/com.unity3d.player.UnityPlayerGameActivity}
212.9,459601,563228,36.5,100,3,mCurrentFocus=Window{30d9502 u0 com.mimicompany.truegate/com.unity3d.player.UnityPlayerGameActivity}
218.4,458921,562548,36.5,100,3,mCurrentFocus=Window{30d9502 u0 com.mimicompany.truegate/com.unity3d.player.UnityPlayerGameActivity}
223.8,459049,562676,36.5,100,3,mCurrentFocus=Window{30d9502 u0 com.mimicompany.truegate/com.unity3d.player.UnityPlayerGameActivity}
229.3,459069,562696,36.5,100,3,mCurrentFocus=Window{30d9502 u0 com.mimicompany.truegate/com.unity3d.player.UnityPlayerGameActivity}
234.8,459101,562728,36.6,100,3,mCurrentFocus=Window{30d9502 u0 com.mimicompany.truegate/com.unity3d.player.UnityPlayerGameActivity}
240.2,459269,562896,36.6,100,3,mCurrentFocus=Window{30d9502 u0 com.mimicompany.truegate/com.unity3d.player.UnityPlayerGameActivity}
245.7,460057,563704,36.6,100,3,mCurrentFocus=Window{30d9502 u0 com.mimicompany.truegate/com.unity3d.player.UnityPlayerGameActivity}
251.1,459437,563084,36.6,100,3,mCurrentFocus=Window{30d9502 u0 com.mimicompany.truegate/com.unity3d.player.UnityPlayerGameActivity}
258.4,459497,563144,36.7,100,3,mCurrentFocus=Window{30d9502 u0 com.mimicompany.truegate/com.unity3d.player.UnityPlayerGameActivity}
264,459497,563144,36.8,100,3,mCurrentFocus=Window{30d9502 u0 com.mimicompany.truegate/com.unity3d.player.UnityPlayerGameActivity}
270.1,459513,563160,36.8,100,3,mCurrentFocus=Window{30d9502 u0 com.mimicompany.truegate/com.unity3d.player.UnityPlayerGameActivity}
276.6,459581,563228,36.7,100,3,mCurrentFocus=Window{30d9502 u0 com.mimicompany.truegate/com.unity3d.player.UnityPlayerGameActivity}
282.2,459581,563228,36.9,100,3,mCurrentFocus=Window{30d9502 u0 com.mimicompany.truegate/com.unity3d.player.UnityPlayerGameActivity}
289.2,460137,563784,37.0,100,3,mCurrentFocus=Window{30d9502 u0 com.mimicompany.truegate/com.unity3d.player.UnityPlayerGameActivity}
295.3,460193,563840,37.0,100,3,mCurrentFocus=Window{30d9502 u0 com.mimicompany.truegate/com.unity3d.player.UnityPlayerGameActivity}
301,460185,563832,37.1,100,3,mCurrentFocus=Window{30d9502 u0 com.mimicompany.truegate/com.unity3d.player.UnityPlayerGameActivity}
308.2,460221,563876,37.0,100,3,mCurrentFocus=Window{30d9502 u0 com.mimicompany.truegate/com.unity3d.player.UnityPlayerGameActivity}
316.9,460373,564028,37.1,100,3,mCurrentFocus=Window{30d9502 u0 com.mimicompany.truegate/com.unity3d.player.UnityPlayerGameActivity}
323.2,460456,564104,37.1,100,3,mCurrentFocus=Window{30d9502 u0 com.mimicompany.truegate/com.unity3d.player.UnityPlayerGameActivity}
336.1,460192,563840,37.1,100,3,mCurrentFocus=Window{30d9502 u0 com.mimicompany.truegate/com.unity3d.player.UnityPlayerGameActivity}
344,460196,563844,37.1,100,3,mCurrentFocus=Window{30d9502 u0 com.mimicompany.truegate/com.unity3d.player.UnityPlayerGameActivity}
350.3,460171,563828,37.3,100,3,mCurrentFocus=Window{30d9502 u0 com.mimicompany.truegate/com.unity3d.player.UnityPlayerGameActivity}
356.1,460159,563816,37.3,100,3,mCurrentFocus=Window{30d9502 u0 com.mimicompany.truegate/com.unity3d.player.UnityPlayerGameActivity}
361.9,460167,563824,37.3,100,3,mCurrentFocus=Window{30d9502 u0 com.mimicompany.truegate/com.unity3d.player.UnityPlayerGameActivity}
368.1,460311,563968,37.3,100,3,mCurrentFocus=Window{30d9502 u0 com.mimicompany.truegate/com.unity3d.player.UnityPlayerGameActivity}
374.8,460323,563980,37.4,100,3,mCurrentFocus=Window{30d9502 u0 com.mimicompany.truegate/com.unity3d.player.UnityPlayerGameActivity}
381.4,460323,563980,37.4,100,3,mCurrentFocus=Window{30d9502 u0 com.mimicompany.truegate/com.unity3d.player.UnityPlayerGameActivity}
388.4,460454,564168,37.4,100,3,mCurrentFocus=Window{30d9502 u0 com.mimicompany.truegate/com.unity3d.player.UnityPlayerGameActivity}
395.5,460474,564188,37.5,100,3,mCurrentFocus=Window{30d9502 u0 com.mimicompany.truegate/com.unity3d.player.UnityPlayerGameActivity}
403.4,460470,564184,37.6,100,3,mCurrentFocus=Window{30d9502 u0 com.mimicompany.truegate/com.unity3d.player.UnityPlayerGameActivity}
413.2,460530,564244,37.6,100,3,mCurrentFocus=Window{30d9502 u0 com.mimicompany.truegate/com.unity3d.player.UnityPlayerGameActivity}
422.3,460514,564228,37.7,100,3,mCurrentFocus=Window{30d9502 u0 com.mimicompany.truegate/com.unity3d.player.UnityPlayerGameActivity}
428.5,460494,564208,37.7,100,3,mCurrentFocus=Window{30d9502 u0 com.mimicompany.truegate/com.unity3d.player.UnityPlayerGameActivity}
434.3,460538,564252,37.8,100,3,mCurrentFocus=Window{30d9502 u0 com.mimicompany.truegate/com.unity3d.player.UnityPlayerGameActivity}
443,460496,564280,37.7,100,3,mCurrentFocus=Window{30d9502 u0 com.mimicompany.truegate/com.unity3d.player.UnityPlayerGameActivity}
449.2,459741,564288,37.9,100,3,mCurrentFocus=Window{30d9502 u0 com.mimicompany.truegate/com.unity3d.player.UnityPlayerGameActivity}
455.3,459546,564284,37.9,100,3,mCurrentFocus=Window{30d9502 u0 com.mimicompany.truegate/com.unity3d.player.UnityPlayerGameActivity}
462.7,459442,564288,37.9,100,3,mCurrentFocus=Window{30d9502 u0 com.mimicompany.truegate/com.unity3d.player.UnityPlayerGameActivity}
469,459445,564292,38.0,100,3,mCurrentFocus=Window{30d9502 u0 com.mimicompany.truegate/com.unity3d.player.UnityPlayerGameActivity}
474.7,459500,564404,38.0,100,3,mCurrentFocus=Window{30d9502 u0 com.mimicompany.truegate/com.unity3d.player.UnityPlayerGameActivity}
482.2,459524,564428,38.0,100,3,mCurrentFocus=Window{30d9502 u0 com.mimicompany.truegate/com.unity3d.player.UnityPlayerGameActivity}
489.2,459544,564448,38.0,100,3,mCurrentFocus=Window{30d9502 u0 com.mimicompany.truegate/com.unity3d.player.UnityPlayerGameActivity}
494.7,459532,564436,38.1,100,3,mCurrentFocus=Window{30d9502 u0 com.mimicompany.truegate/com.unity3d.player.UnityPlayerGameActivity}
501.1,459536,564440,38.2,100,3,mCurrentFocus=Window{30d9502 u0 com.mimicompany.truegate/com.unity3d.player.UnityPlayerGameActivity}
508,459536,564440,38.2,100,3,mCurrentFocus=Window{30d9502 u0 com.mimicompany.truegate/com.unity3d.player.UnityPlayerGameActivity}
513.5,459512,564432,38.1,100,3,mCurrentFocus=Window{30d9502 u0 com.mimicompany.truegate/com.unity3d.player.UnityPlayerGameActivity}
520.2,459521,564460,38.3,100,3,mCurrentFocus=Window{30d9502 u0 com.mimicompany.truegate/com.unity3d.player.UnityPlayerGameActivity}
528.5,459585,564524,38.3,100,3,mCurrentFocus=Window{30d9502 u0 com.mimicompany.truegate/com.unity3d.player.UnityPlayerGameActivity}
536.3,459581,564520,38.3,100,3,mCurrentFocus=Window{30d9502 u0 com.mimicompany.truegate/com.unity3d.player.UnityPlayerGameActivity}
542.1,459561,564500,38.3,100,3,mCurrentFocus=Window{30d9502 u0 com.mimicompany.truegate/com.unity3d.player.UnityPlayerGameActivity}
548.3,459364,564304,38.4,100,3,mCurrentFocus=Window{30d9502 u0 com.mimicompany.truegate/com.unity3d.player.UnityPlayerGameActivity}
556.6,459384,564324,38.4,100,3,mCurrentFocus=Window{30d9502 u0 com.mimicompany.truegate/com.unity3d.player.UnityPlayerGameActivity}
563.2,459321,564268,38.4,100,3,mCurrentFocus=Window{30d9502 u0 com.mimicompany.truegate/com.unity3d.player.UnityPlayerGameActivity}
569.4,459344,564284,38.4,100,3,mCurrentFocus=Window{30d9502 u0 com.mimicompany.truegate/com.unity3d.player.UnityPlayerGameActivity}
577.7,459408,564348,38.5,100,3,mCurrentFocus=Window{30d9502 u0 com.mimicompany.truegate/com.unity3d.player.UnityPlayerGameActivity}
585.2,459396,564336,38.5,100,3,mCurrentFocus=Window{30d9502 u0 com.mimicompany.truegate/com.unity3d.player.UnityPlayerGameActivity}
590.7,459376,564316,38.6,100,3,mCurrentFocus=Window{30d9502 u0 com.mimicompany.truegate/com.unity3d.player.UnityPlayerGameActivity}
598.4,459512,564452,38.6,100,3,mCurrentFocus=Window{30d9502 u0 com.mimicompany.truegate/com.unity3d.player.UnityPlayerGameActivity}
605.8,493334,600976,38.6,100,3,mCurrentFocus=Window{a2d8d4 u0 TemporaryFocusWindow}
614.7,492841,600448,38.6,100,3,mCurrentFocus=Window{a2d8d4 u0 TemporaryFocusWindow}
622.9,493029,600636,38.6,100,3,mCurrentFocus=Window{a2d8d4 u0 TemporaryFocusWindow}
628.5,493029,600636,38.5,100,3,mCurrentFocus=Window{a2d8d4 u0 TemporaryFocusWindow}
635.2,493029,600636,38.4,100,3,mCurrentFocus=Window{a2d8d4 u0 TemporaryFocusWindow}
642,493029,600636,38.3,100,3,mCurrentFocus=Window{a2d8d4 u0 TemporaryFocusWindow}
647.6,493021,600628,38.3,100,3,mCurrentFocus=Window{a2d8d4 u0 TemporaryFocusWindow}
654.6,493029,600636,38.2,100,3,mCurrentFocus=Window{a2d8d4 u0 TemporaryFocusWindow}
661.3,493029,600636,38.1,100,3,mCurrentFocus=Window{a2d8d4 u0 TemporaryFocusWindow}
666.9,493021,600628,38.0,100,3,mCurrentFocus=Window{a2d8d4 u0 TemporaryFocusWindow}
673.5,492990,600604,37.9,100,3,mCurrentFocus=Window{a2d8d4 u0 TemporaryFocusWindow}
680.7,492997,600604,37.9,100,3,mCurrentFocus=Window{a2d8d4 u0 TemporaryFocusWindow}
686.3,492997,600604,37.9,100,3,mCurrentFocus=Window{a2d8d4 u0 TemporaryFocusWindow}
692.6,492989,600596,37.7,100,3,mCurrentFocus=Window{a2d8d4 u0 TemporaryFocusWindow}
699.4,492989,600596,37.7,100,3,mCurrentFocus=Window{a2d8d4 u0 TemporaryFocusWindow}
705.2,492989,600596,37.6,100,3,mCurrentFocus=Window{a2d8d4 u0 TemporaryFocusWindow}
711.5,492989,600596,37.6,100,3,mCurrentFocus=Window{a2d8d4 u0 TemporaryFocusWindow}
719.3,492989,600596,37.4,100,3,mCurrentFocus=Window{a2d8d4 u0 TemporaryFocusWindow}
727.8,492989,600596,37.4,100,3,mCurrentFocus=Window{a2d8d4 u0 TemporaryFocusWindow}
733.5,492982,600596,37.3,100,3,mCurrentFocus=Window{a2d8d4 u0 TemporaryFocusWindow}
739.7,492989,600596,37.3,100,3,mCurrentFocus=Window{a2d8d4 u0 TemporaryFocusWindow}
747.5,492989,600596,37.2,100,3,mCurrentFocus=Window{a2d8d4 u0 TemporaryFocusWindow}
753.2,492989,600596,37.1,100,3,mCurrentFocus=Window{a2d8d4 u0 TemporaryFocusWindow}
760,492989,600596,37.1,100,3,mCurrentFocus=Window{a2d8d4 u0 TemporaryFocusWindow}
767.4,492989,600596,37.1,100,3,mCurrentFocus=Window{a2d8d4 u0 TemporaryFocusWindow}
773.1,492989,600596,37.0,100,3,mCurrentFocus=Window{a2d8d4 u0 TemporaryFocusWindow}
779.6,492989,600596,37.0,100,3,mCurrentFocus=Window{a2d8d4 u0 TemporaryFocusWindow}
786.3,492989,600596,37.0,100,3,mCurrentFocus=Window{a2d8d4 u0 TemporaryFocusWindow}
792.1,492989,600596,36.9,100,3,mCurrentFocus=Window{a2d8d4 u0 TemporaryFocusWindow}
798.6,492982,600596,36.9,100,3,mCurrentFocus=Window{a2d8d4 u0 TemporaryFocusWindow}
805.8,492997,600604,36.9,100,3,mCurrentFocus=Window{a2d8d4 u0 TemporaryFocusWindow}
812.7,492997,600604,36.7,100,3,mCurrentFocus=Window{a2d8d4 u0 TemporaryFocusWindow}
818.4,492973,600580,36.7,100,3,mCurrentFocus=Window{a2d8d4 u0 TemporaryFocusWindow}
