AssetPath,FileName,Duration,Channels,Frequency,SourceFileSize,LoadType,CompressionFormat,Quality,PreloadAudioData,LoadInBackground,ForceToMono,Ambisonic,UsageCategory,ReferenceStatus,EstimatedRuntimeMemory,SuggestedSettings,Warnings
"Assets/_Project/Audio/Voice/HumanCommand/VO_CS_CS_05_HUMANCOMMAND_000.wav","VO_CS_CS_05_HUMANCOMMAND_000.wav",2.96,1,24000,284240,"DecompressOnLoad","PCM",1.00,True,True,True,False,"Voice/Dialogue","BuildScene",284160,"CompressedInMemory; Vorbis q0.70; preload off; mono",""
"Assets/_Project/Audio/Voice/HumanCommand/VO_CS_CS_05_HUMANCOMMAND_002.wav","VO_CS_CS_05_HUMANCOMMAND_002.wav",3.36,1,24000,322640,"DecompressOnLoad","PCM",1.00,True,True,True,False,"Voice/Dialogue","BuildScene",322560,"CompressedInMemory; Vorbis q0.70; preload off; mono","Long voice is preloaded"
"Assets/_Project/Audio/Voice/HumanCommand/VO_CS_CS_05_HUMANCOMMAND_005.wav","VO_CS_CS_05_HUMANCOMMAND_005.wav",2.64,1,24000,253520,"DecompressOnLoad","PCM",1.00,True,True,True,False,"Voice/Dialogue","BuildScene",253440,"CompressedInMemory; Vorbis q0.70; preload off; mono",""
"Assets/_Project/Audio/Voice/HumanCommand/VO_CS_CS_05_HUMANCOMMAND_008.wav","VO_CS_CS_05_HUMANCOMMAND_008.wav",1.48,1,24000,142160,"DecompressOnLoad","PCM",1.00,True,True,True,False,"Voice/Dialogue","BuildScene",142080,"CompressedInMemory; Vorbis q0.70; preload off; mono",""
"Assets/_Project/Audio/Voice/HumanCommand/VO_CS_CS_05_HUMANCOMMAND_018.wav","VO_CS_CS_05_HUMANCOMMAND_018.wav",3.64,1,24000,349520,"DecompressOnLoad","PCM",1.00,True,True,True,False,"Voice/Dialogue","BuildScene",349440,"CompressedInMemory; Vorbis q0.70; preload off; mono","Long voice is preloaded"
"Assets/_Project/Audio/Voice/HumanCommand/VO_CS_CS_05_HUMANCOMMAND_021.wav","VO_CS_CS_05_HUMANCOMMAND_021.wav",1.8,1,24000,172880,"DecompressOnLoad","PCM",1.00,True,True,True,False,"Voice/Dialogue","BuildScene",172800,"CompressedInMemory; Vorbis q0.70; preload off; mono",""
"Assets/_Project/Audio/Voice/HumanCommand/VO_CS_CS_05_HUMANCOMMAND_022.wav","VO_CS_CS_05_HUMANCOMMAND_022.wav",2.76,1,24000,265040,"DecompressOnLoad","PCM",1.00,True,True,True,False,"Voice/Dialogue","BuildScene",264960,"CompressedInMemory; Vorbis q0.70; preload off; mono",""
"Assets/_Project/Audio/Voice/HumanCommand/VO_CS_CS_05_HUMANCOMMAND_027.wav","VO_CS_CS_05_HUMANCOMMAND_027.wav",1.52,1,24000,146000,"DecompressOnLoad","PCM",1.00,True,True,True,False,"Voice/Dialogue","BuildScene",145920,"CompressedInMemory; Vorbis q0.70; preload off; mono",""
"Assets/_Project/Audio/Voice/System/VO_CS_CS_01_BOOTSEQUENCE_000.wav","VO_CS_CS_01_BOOTSEQUENCE_000.wav",3.08,1,24000,295760,"DecompressOnLoad","PCM",1.00,True,True,True,False,"Voice/Dialogue","BuildScene",295680,"CompressedInMemory; Vorbis q0.70; preload off; mono","Long voice is preloaded"
"Assets/_Project/Audio/Voice/System/VO_CS_CS_01_BOOTSEQUENCE_001.wav","VO_CS_CS_01_BOOTSEQUENCE_001.wav",2.2,1,24000,211280,"DecompressOnLoad","PCM",1.00,True,True,True,False,"Voice/Dialogue","BuildScene",211200,"CompressedInMemory; Vorbis q0.70; preload off; mono",""
"Assets/_Project/Audio/Voice/System/VO_CS_CS_01_BOOTSEQUENCE_002.wav","VO_CS_CS_01_BOOTSEQUENCE_002.wav",2.48,1,24000,238160,"DecompressOnLoad","PCM",1.00,True,True,True,False,"Voice/Dialogue","BuildScene",238080,"CompressedInMemory; Vorbis q0.70; preload off; mono",""
"Assets/_Project/Audio/Voice/System/VO_CS_CS_01_BOOTSEQUENCE_003.wav","VO_CS_CS_01_BOOTSEQUENCE_003.wav",3.28,1,24000,314960,"DecompressOnLoad","PCM",1.00,True,True,True,False,"Voice/Dialogue","BuildScene",314880,"CompressedInMemory; Vorbis q0.70; preload off; mono","Long voice is preloaded"
"Assets/_Project/Audio/Voice/System/VO_CS_CS_01_BOOTSEQUENCE_004.wav","VO_CS_CS_01_BOOTSEQUENCE_004.wav",3.32,1,24000,318800,"DecompressOnLoad","PCM",1.00,True,True,True,False,"Voice/Dialogue","BuildScene",318720,"CompressedInMemory; Vorbis q0.70; preload off; mono","Long voice is preloaded"
"Assets/_Project/Audio/Voice/System/VO_CS_CS_01_BOOTSEQUENCE_006.wav","VO_CS_CS_01_BOOTSEQUENCE_006.wav",2.36,1,24000,226640,"DecompressOnLoad","PCM",1.00,True,True,True,False,"Voice/Dialogue","BuildScene",226560,"CompressedInMemory; Vorbis q0.70; preload off; mono",""
"Assets/_Project/Audio/Voice/System/VO_CS_CS_01_BOOTSEQUENCE_008.wav","VO_CS_CS_01_BOOTSEQUENCE_008.wav",4.8,1,24000,460880,"DecompressOnLoad","PCM",1.00,True,True,True,False,"Voice/Dialogue","BuildScene",460800,"CompressedInMemory; Vorbis q0.70; preload off; mono","Long voice is preloaded"
"Assets/_Project/Audio/Voice/System/VO_CS_CS_01_BOOTSEQUENCE_009.wav","VO_CS_CS_01_BOOTSEQUENCE_009.wav",3.04,1,24000,291920,"DecompressOnLoad","PCM",1.00,True,True,True,False,"Voice/Dialogue","BuildScene",291840,"CompressedInMemory; Vorbis q0.70; preload off; mono","Long voice is preloaded"
"Assets/_Project/Audio/Voice/System/VO_CS_CS_01_BOOTSEQUENCE_011.wav","VO_CS_CS_01_BOOTSEQUENCE_011.wav",3.4,1,24000,326480,"DecompressOnLoad","PCM",1.00,True,True,True,False,"Voice/Dialogue","BuildScene",326400,"CompressedInMemory; Vorbis q0.70; preload off; mono","Long voice is preloaded"
"Assets/_Project/Audio/Voice/System/VO_CS_CS_01_BOOTSEQUENCE_013.wav","VO_CS_CS_01_BOOTSEQUENCE_013.wav",1.04,1,24000,99920,"DecompressOnLoad","PCM",1.00,True,True,True,False,"Voice/Dialogue","BuildScene",99840,"CompressedInMemory; Vorbis q0.70; preload off; mono",""
"Assets/_Project/Audio/Voice/System/VO_CS_CS_02_FIRSTDEATHRECOVERY_000.wav","VO_CS_CS_02_FIRSTDEATHRECOVERY_000.wav",2.08,1,24000,199760,"DecompressOnLoad","PCM",1.00,True,True,True,False,"Voice/Dialogue","BuildScene",199680,"CompressedInMemory; Vorbis q0.70; preload off; mono",""
"Assets/_Project/Audio/Voice/System/VO_CS_CS_02_FIRSTDEATHRECOVERY_001.wav","VO_CS_CS_02_FIRSTDEATHRECOVERY_001.wav",1.84,1,24000,176720,"DecompressOnLoad","PCM",1.00,True,True,True,False,"Voice/Dialogue","BuildScene",176640,"CompressedInMemory; Vorbis q0.70; preload off; mono",""
"Assets/_Project/Audio/Voice/System/VO_CS_CS_02_FIRSTDEATHRECOVERY_002.wav","VO_CS_CS_02_FIRSTDEATHRECOVERY_002.wav",2.96,1,24000,284240,"DecompressOnLoad","PCM",1.00,True,True,True,False,"Voice/Dialogue","BuildScene",284160,"CompressedInMemory; Vorbis q0.70; preload off; mono",""
"Assets/_Project/Audio/Voice/System/VO_CS_CS_02_FIRSTDEATHRECOVERY_004.wav","VO_CS_CS_02_FIRSTDEATHRECOVERY_004.wav",2.96,1,24000,284240,"DecompressOnLoad","PCM",1.00,True,True,True,False,"Voice/Dialogue","BuildScene",284160,"CompressedInMemory; Vorbis q0.70; preload off; mono",""
"Assets/_Project/Audio/Voice/System/VO_CS_CS_02_FIRSTDEATHRECOVERY_005.wav","VO_CS_CS_02_FIRSTDEATHRECOVERY_005.wav",2.68,1,24000,257360,"DecompressOnLoad","PCM",1.00,True,True,True,False,"Voice/Dialogue","BuildScene",257280,"CompressedInMemory; Vorbis q0.70; preload off; mono",""
"Assets/_Project/Audio/Voice/System/VO_CS_CS_02_FIRSTDEATHRECOVERY_007.wav","VO_CS_CS_02_FIRSTDEATHRECOVERY_007.wav",4.84,1,24000,464720,"DecompressOnLoad","PCM",1.00,True,True,True,False,"Voice/Dialogue","BuildScene",464640,"CompressedInMemory; Vorbis q0.70; preload off; mono","Long voice is preloaded"
"Assets/_Project/Audio/Voice/System/VO_CS_CS_02_FIRSTDEATHRECOVERY_009.wav","VO_CS_CS_02_FIRSTDEATHRECOVERY_009.wav",2.32,1,24000,222800,"DecompressOnLoad","PCM",1.00,True,True,True,False,"Voice/Dialogue","BuildScene",222720,"CompressedInMemory; Vorbis q0.70; preload off; mono",""
"Assets/_Project/Audio/Voice/System/VO_CS_CS_02_FIRSTDEATHRECOVERY_010.wav","VO_CS_CS_02_FIRSTDEATHRECOVERY_010.wav",2.04,1,24000,195920,"DecompressOnLoad","PCM",1.00,True,True,True,False,"Voice/Dialogue","BuildScene",195840,"CompressedInMemory; Vorbis q0.70; preload off; mono",""
"Assets/_Project/Audio/Voice/System/VO_CS_CS_02_FIRSTDEATHRECOVERY_012.wav","VO_CS_CS_02_FIRSTDEATHRECOVERY_012.wav",2.16,1,24000,207440,"DecompressOnLoad","PCM",1.00,True,True,True,False,"Voice/Dialogue","BuildScene",207360,"CompressedInMemory; Vorbis q0.70; preload off; mono",""
"Assets/_Project/Audio/Voice/System/VO_CS_CS_02_FIRSTDEATHRECOVERY_014.wav","VO_CS_CS_02_FIRSTDEATHRECOVERY_014.wav",2.12,1,24000,203600,"DecompressOnLoad","PCM",1.00,True,True,True,False,"Voice/Dialogue","BuildScene",203520,"CompressedInMemory; Vorbis q0.70; preload off; mono",""
"Assets/_Project/Audio/Voice/System/VO_CS_CS_02_FIRSTDEATHRECOVERY_015.wav","VO_CS_CS_02_FIRSTDEATHRECOVERY_015.wav",1.88,1,24000,180560,"DecompressOnLoad","PCM",1.00,True,True,True,False,"Voice/Dialogue","BuildScene",180480,"CompressedInMemory; Vorbis q0.70; preload off; mono",""
"Assets/_Project/Audio/Voice/System/VO_CS_CS_02_FIRSTDEATHRECOVERY_016.wav","VO_CS_CS_02_FIRSTDEATHRECOVERY_016.wav",2.76,1,24000,265040,"DecompressOnLoad","PCM",1.00,True,True,True,False,"Voice/Dialogue","BuildScene",264960,"CompressedInMemory; Vorbis q0.70; preload off; mono",""
"Assets/_Project/Audio/Voice/System/VO_CS_CS_02_FIRSTDEATHRECOVERY_019.wav","VO_CS_CS_02_FIRSTDEATHRECOVERY_019.wav",4.68,1,24000,449360,"DecompressOnLoad","PCM",1.00,True,True,True,False,"Voice/Dialogue","BuildScene",449280,"CompressedInMemory; Vorbis q0.70; preload off; mono","Long voice is preloaded"
"Assets/_Project/Audio/Voice/System/VO_CS_CS_02_FIRSTDEATHRECOVERY_022.wav","VO_CS_CS_02_FIRSTDEATHRECOVERY_022.wav",1.16,1,24000,111440,"DecompressOnLoad","PCM",1.00,True,True,True,False,"Voice/Dialogue","BuildScene",111360,"CompressedInMemory; Vorbis q0.70; preload off; mono",""
"Assets/_Project/Audio/Voice/System/VO_CS_CS_03_ENEMYDOESNOTCHARGE_000.wav","VO_CS_CS_03_ENEMYDOESNOTCHARGE_000.wav",2.28,1,24000,218960,"DecompressOnLoad","PCM",1.00,True,True,True,False,"Voice/Dialogue","BuildScene",218880,"CompressedInMemory; Vorbis q0.70; preload off; mono",""
"Assets/_Project/Audio/Voice/System/VO_CS_CS_03_ENEMYDOESNOTCHARGE_001.wav","VO_CS_CS_03_ENEMYDOESNOTCHARGE_001.wav",2.36,1,24000,226640,"DecompressOnLoad","PCM",1.00,True,True,True,False,"Voice/Dialogue","BuildScene",226560,"CompressedInMemory; Vorbis q0.70; preload off; mono",""
"Assets/_Project/Audio/Voice/System/VO_CS_CS_03_ENEMYDOESNOTCHARGE_003.wav","VO_CS_CS_03_ENEMYDOESNOTCHARGE_003.wav",2,1,24000,192080,"DecompressOnLoad","PCM",1.00,True,True,True,False,"Voice/Dialogue","BuildScene",192000,"CompressedInMemory; Vorbis q0.70; preload off; mono",""
"Assets/_Project/Audio/Voice/System/VO_CS_CS_03_ENEMYDOESNOTCHARGE_005.wav","VO_CS_CS_03_ENEMYDOESNOTCHARGE_005.wav",1.8,1,24000,172880,"DecompressOnLoad","PCM",1.00,True,True,True,False,"Voice/Dialogue","BuildScene",172800,"CompressedInMemory; Vorbis q0.70; preload off; mono",""
"Assets/_Project/Audio/Voice/System/VO_CS_CS_03_ENEMYDOESNOTCHARGE_007.wav","VO_CS_CS_03_ENEMYDOESNOTCHARGE_007.wav",2.2,1,24000,211280,"DecompressOnLoad","PCM",1.00,True,True,True,False,"Voice/Dialogue","BuildScene",211200,"CompressedInMemory; Vorbis q0.70; preload off; mono",""
"Assets/_Project/Audio/Voice/System/VO_CS_CS_03_ENEMYDOESNOTCHARGE_009.wav","VO_CS_CS_03_ENEMYDOESNOTCHARGE_009.wav",1.24,1,24000,119120,"DecompressOnLoad","PCM",1.00,True,True,True,False,"Voice/Dialogue","BuildScene",119040,"CompressedInMemory; Vorbis q0.70; preload off; mono",""
"Assets/_Project/Audio/Voice/System/VO_CS_CS_03_ENEMYDOESNOTCHARGE_011.wav","VO_CS_CS_03_ENEMYDOESNOTCHARGE_011.wav",3.68,1,24000,353360,"DecompressOnLoad","PCM",1.00,True,True,True,False,"Voice/Dialogue","BuildScene",353280,"CompressedInMemory; Vorbis q0.70; preload off; mono","Long voice is preloaded"
"Assets/_Project/Audio/Voice/System/VO_CS_CS_03_ENEMYDOESNOTCHARGE_013.wav","VO_CS_CS_03_ENEMYDOESNOTCHARGE_013.wav",4.04,1,24000,387920,"DecompressOnLoad","PCM",1.00,True,True,True,False,"Voice/Dialogue","BuildScene",387840,"CompressedInMemory; Vorbis q0.70; preload off; mono","Long voice is preloaded"
"Assets/_Project/Audio/Voice/System/VO_CS_CS_03_ENEMYDOESNOTCHARGE_015.wav","VO_CS_CS_03_ENEMYDOESNOTCHARGE_015.wav",1.28,1,24000,122960,"DecompressOnLoad","PCM",1.00,True,True,True,False,"Voice/Dialogue","BuildScene",122880,"CompressedInMemory; Vorbis q0.70; preload off; mono",""
"Assets/_Project/Audio/Voice/System/VO_CS_CS_03_ENEMYDOESNOTCHARGE_017.wav","VO_CS_CS_03_ENEMYDOESNOTCHARGE_017.wav",2.24,1,24000,215120,"DecompressOnLoad","PCM",1.00,True,True,True,False,"Voice/Dialogue","BuildScene",215040,"CompressedInMemory; Vorbis q0.70; preload off; mono",""
"Assets/_Project/Audio/Voice/System/VO_CS_CS_03_ENEMYDOESNOTCHARGE_018.wav","VO_CS_CS_03_ENEMYDOESNOTCHARGE_018.wav",1.32,1,24000,126800,"DecompressOnLoad","PCM",1.00,True,True,True,False,"Voice/Dialogue","BuildScene",126720,"CompressedInMemory; Vorbis q0.70; preload off; mono",""
"Assets/_Project/Audio/Voice/System/VO_CS_CS_03_ENEMYDOESNOTCHARGE_020.wav","VO_CS_CS_03_ENEMYDOESNOTCHARGE_020.wav",3.12,1,24000,299600,"DecompressOnLoad","PCM",1.00,True,True,True,False,"Voice/Dialogue","BuildScene",299520,"CompressedInMemory; Vorbis q0.70; preload off; mono","Long voice is preloaded"
"Assets/_Project/Audio/Voice/System/VO_CS_CS_04_GATEMEMORYLEAK_000.wav","VO_CS_CS_04_GATEMEMORYLEAK_000.wav",1.88,1,24000,180560,"DecompressOnLoad","PCM",1.00,True,True,True,False,"Voice/Dialogue","BuildScene",180480,"CompressedInMemory; Vorbis q0.70; preload off; mono",""
"Assets/_Project/Audio/Voice/System/VO_CS_CS_04_GATEMEMORYLEAK_001.wav","VO_CS_CS_04_GATEMEMORYLEAK_001.wav",1.72,1,24000,165200,"DecompressOnLoad","PCM",1.00,True,True,True,False,"Voice/Dialogue","BuildScene",165120,"CompressedInMemory; Vorbis q0.70; preload off; mono",""
"Assets/_Project/Audio/Voice/System/VO_CS_CS_04_GATEMEMORYLEAK_002.wav","VO_CS_CS_04_GATEMEMORYLEAK_002.wav",1.8,1,24000,172880,"DecompressOnLoad","PCM",1.00,True,True,True,False,"Voice/Dialogue","BuildScene",172800,"CompressedInMemory; Vorbis q0.70; preload off; mono",""
"Assets/_Project/Audio/Voice/System/VO_CS_CS_04_GATEMEMORYLEAK_003.wav","VO_CS_CS_04_GATEMEMORYLEAK_003.wav",2.28,1,24000,218960,"DecompressOnLoad","PCM",1.00,True,True,True,False,"Voice/Dialogue","BuildScene",218880,"CompressedInMemory; Vorbis q0.70; preload off; mono",""
"Assets/_Project/Audio/Voice/System/VO_CS_CS_04_GATEMEMORYLEAK_005.wav","VO_CS_CS_04_GATEMEMORYLEAK_005.wav",1.68,1,24000,161360,"DecompressOnLoad","PCM",1.00,True,True,True,False,"Voice/Dialogue","BuildScene",161280,"CompressedInMemory; Vorbis q0.70; preload off; mono",""
"Assets/_Project/Audio/Voice/System/VO_CS_CS_04_GATEMEMORYLEAK_006.wav","VO_CS_CS_04_GATEMEMORYLEAK_006.wav",1.44,1,24000,138320,"DecompressOnLoad","PCM",1.00,True,True,True,False,"Voice/Dialogue","BuildScene",138240,"CompressedInMemory; Vorbis q0.70; preload off; mono",""
"Assets/_Project/Audio/Voice/System/VO_CS_CS_04_GATEMEMORYLEAK_007.wav","VO_CS_CS_04_GATEMEMORYLEAK_007.wav",1.72,1,24000,165200,"DecompressOnLoad","PCM",1.00,True,True,True,False,"Voice/Dialogue","BuildScene",165120,"CompressedInMemory; Vorbis q0.70; preload off; mono",""
"Assets/_Project/Audio/Voice/System/VO_CS_CS_04_GATEMEMORYLEAK_009.wav","VO_CS_CS_04_GATEMEMORYLEAK_009.wav",4.44,1,24000,426320,"DecompressOnLoad","PCM",1.00,True,True,True,False,"Voice/Dialogue","BuildScene",426240,"CompressedInMemory; Vorbis q0.70; preload off; mono","Long voice is preloaded"
"Assets/_Project/Audio/Voice/System/VO_CS_CS_04_GATEMEMORYLEAK_011.wav","VO_CS_CS_04_GATEMEMORYLEAK_011.wav",3.4,1,24000,326480,"DecompressOnLoad","PCM",1.00,True,True,True,False,"Voice/Dialogue","BuildScene",326400,"CompressedInMemory; Vorbis q0.70; preload off; mono","Long voice is preloaded"
"Assets/_Project/Audio/Voice/System/VO_CS_CS_04_GATEMEMORYLEAK_013.wav","VO_CS_CS_04_GATEMEMORYLEAK_013.wav",2.68,1,24000,257360,"DecompressOnLoad","PCM",1.00,True,True,True,False,"Voice/Dialogue","BuildScene",257280,"CompressedInMemory; Vorbis q0.70; preload off; mono",""
"Assets/_Project/Audio/Voice/System/VO_CS_CS_04_GATEMEMORYLEAK_015.wav","VO_CS_CS_04_GATEMEMORYLEAK_015.wav",2.12,1,24000,203600,"DecompressOnLoad","PCM",1.00,True,True,True,False,"Voice/Dialogue","BuildScene",203520,"CompressedInMemory; Vorbis q0.70; preload off; mono",""
"Assets/_Project/Audio/Voice/System/VO_CS_CS_04_GATEMEMORYLEAK_017.wav","VO_CS_CS_04_GATEMEMORYLEAK_017.wav",1.96,1,24000,188240,"DecompressOnLoad","PCM",1.00,True,True,True,False,"Voice/Dialogue","BuildScene",188160,"CompressedInMemory; Vorbis q0.70; preload off; mono",""
"Assets/_Project/Audio/Voice/System/VO_CS_CS_04_GATEMEMORYLEAK_019.wav","VO_CS_CS_04_GATEMEMORYLEAK_019.wav",2.08,1,24000,199760,"DecompressOnLoad","PCM",1.00,True,True,True,False,"Voice/Dialogue","BuildScene",199680,"CompressedInMemory; Vorbis q0.70; preload off; mono",""
"Assets/_Project/Audio/Voice/System/VO_CS_CS_04_GATEMEMORYLEAK_021.wav","VO_CS_CS_04_GATEMEMORYLEAK_021.wav",0.96,1,24000,92240,"DecompressOnLoad","PCM",1.00,True,True,True,False,"Voice/Dialogue","BuildScene",92160,"CompressedInMemory; Vorbis q0.70; preload off; mono",""
"Assets/_Project/Audio/Voice/System/VO_CS_CS_05_HUMANCOMMAND_001.wav","VO_CS_CS_05_HUMANCOMMAND_001.wav",4.16,1,24000,399440,"DecompressOnLoad","PCM",1.00,True,True,True,False,"Voice/Dialogue","BuildScene",399360,"CompressedInMemory; Vorbis q0.70; preload off; mono","Long voice is preloaded"
"Assets/_Project/Audio/Voice/System/VO_CS_CS_05_HUMANCOMMAND_003.wav","VO_CS_CS_05_HUMANCOMMAND_003.wav",3.96,1,24000,380240,"DecompressOnLoad","PCM",1.00,True,True,True,False,"Voice/Dialogue","BuildScene",380160,"CompressedInMemory; Vorbis q0.70; preload off; mono","Long voice is preloaded"
"Assets/_Project/Audio/Voice/System/VO_CS_CS_05_HUMANCOMMAND_013.wav","VO_CS_CS_05_HUMANCOMMAND_013.wav",3.4,1,24000,326480,"DecompressOnLoad","PCM",1.00,True,True,True,False,"Voice/Dialogue","BuildScene",326400,"CompressedInMemory; Vorbis q0.70; preload off; mono","Long voice is preloaded"
"Assets/_Project/Audio/Voice/System/VO_CS_CS_05_HUMANCOMMAND_015.wav","VO_CS_CS_05_HUMANCOMMAND_015.wav",3.84,1,24000,368720,"DecompressOnLoad","PCM",1.00,True,True,True,False,"Voice/Dialogue","BuildScene",368640,"CompressedInMemory; Vorbis q0.70; preload off; mono","Long voice is preloaded"
"Assets/_Project/Audio/Voice/System/VO_CS_CS_05_HUMANCOMMAND_019.wav","VO_CS_CS_05_HUMANCOMMAND_019.wav",5.16,1,24000,495440,"DecompressOnLoad","PCM",1.00,True,True,True,False,"Voice/Dialogue","BuildScene",495360,"CompressedInMemory; Vorbis q0.70; preload off; mono","Long voice is preloaded"
"Assets/_Project/Audio/Voice/System/VO_CS_CS_05_HUMANCOMMAND_025.wav","VO_CS_CS_05_HUMANCOMMAND_025.wav",2.24,1,24000,215120,"DecompressOnLoad","PCM",1.00,True,True,True,False,"Voice/Dialogue","BuildScene",215040,"CompressedInMemory; Vorbis q0.70; preload off; mono",""
"Assets/_Project/Audio/Voice/System/VO_CS_CS_06_SYSTEMFATIGUE_000.wav","VO_CS_CS_06_SYSTEMFATIGUE_000.wav",1.88,1,24000,180560,"DecompressOnLoad","PCM",1.00,True,True,True,False,"Voice/Dialogue","BuildScene",180480,"CompressedInMemory; Vorbis q0.70; preload off; mono",""
"Assets/_Project/Audio/Voice/System/VO_CS_CS_06_SYSTEMFATIGUE_001.wav","VO_CS_CS_06_SYSTEMFATIGUE_001.wav",2.12,1,24000,203600,"DecompressOnLoad","PCM",1.00,True,True,True,False,"Voice/Dialogue","BuildScene",203520,"CompressedInMemory; Vorbis q0.70; preload off; mono",""
"Assets/_Project/Audio/Voice/System/VO_CS_CS_06_SYSTEMFATIGUE_002.wav","VO_CS_CS_06_SYSTEMFATIGUE_002.wav",3.32,1,24000,318800,"DecompressOnLoad","PCM",1.00,True,True,True,False,"Voice/Dialogue","BuildScene",318720,"CompressedInMemory; Vorbis q0.70; preload off; mono","Long voice is preloaded"
"Assets/_Project/Audio/Voice/System/VO_CS_CS_06_SYSTEMFATIGUE_004.wav","VO_CS_CS_06_SYSTEMFATIGUE_004.wav",2.04,1,24000,195920,"DecompressOnLoad","PCM",1.00,True,True,True,False,"Voice/Dialogue","BuildScene",195840,"CompressedInMemory; Vorbis q0.70; preload off; mono",""
"Assets/_Project/Audio/Voice/System/VO_CS_CS_06_SYSTEMFATIGUE_007.wav","VO_CS_CS_06_SYSTEMFATIGUE_007.wav",4.96,1,24000,476240,"DecompressOnLoad","PCM",1.00,True,True,True,False,"Voice/Dialogue","BuildScene",476160,"CompressedInMemory; Vorbis q0.70; preload off; mono","Long voice is preloaded"
"Assets/_Project/Audio/Voice/System/VO_CS_CS_06_SYSTEMFATIGUE_009.wav","VO_CS_CS_06_SYSTEMFATIGUE_009.wav",1.2,1,24000,115280,"DecompressOnLoad","PCM",1.00,True,True,True,False,"Voice/Dialogue","BuildScene",115200,"CompressedInMemory; Vorbis q0.70; preload off; mono",""
"Assets/_Project/Audio/Voice/System/VO_CS_CS_06_SYSTEMFATIGUE_011.wav","VO_CS_CS_06_SYSTEMFATIGUE_011.wav",1.56,1,24000,149840,"DecompressOnLoad","PCM",1.00,True,True,True,False,"Voice/Dialogue","BuildScene",149760,"CompressedInMemory; Vorbis q0.70; preload off; mono",""
"Assets/_Project/Audio/Voice/System/VO_CS_CS_06_SYSTEMFATIGUE_013.wav","VO_CS_CS_06_SYSTEMFATIGUE_013.wav",3.6,1,24000,345680,"DecompressOnLoad","PCM",1.00,True,True,True,False,"Voice/Dialogue","BuildScene",345600,"CompressedInMemory; Vorbis q0.70; preload off; mono","Long voice is preloaded"
"Assets/_Project/Audio/Voice/System/VO_CS_CS_06_SYSTEMFATIGUE_015.wav","VO_CS_CS_06_SYSTEMFATIGUE_015.wav",3,1,24000,288080,"DecompressOnLoad","PCM",1.00,True,True,True,False,"Voice/Dialogue","BuildScene",288000,"CompressedInMemory; Vorbis q0.70; preload off; mono",""
"Assets/_Project/Audio/Voice/System/VO_CS_CS_06_SYSTEMFATIGUE_018.wav","VO_CS_CS_06_SYSTEMFATIGUE_018.wav",3.44,1,24000,330320,"DecompressOnLoad","PCM",1.00,True,True,True,False,"Voice/Dialogue","BuildScene",330240,"CompressedInMemory; Vorbis q0.70; preload off; mono","Long voice is preloaded"
"Assets/_Project/Audio/Voice/System/VO_CS_CS_06_SYSTEMFATIGUE_020.wav","VO_CS_CS_06_SYSTEMFATIGUE_020.wav",2.36,1,24000,226640,"DecompressOnLoad","PCM",1.00,True,True,True,False,"Voice/Dialogue","BuildScene",226560,"CompressedInMemory; Vorbis q0.70; preload off; mono",""
"Assets/_Project/Audio/Voice/System/VO_CS_CS_06_SYSTEMFATIGUE_022.wav","VO_CS_CS_06_SYSTEMFATIGUE_022.wav",1.64,1,24000,157520,"DecompressOnLoad","PCM",1.00,True,True,True,False,"Voice/Dialogue","BuildScene",157440,"CompressedInMemory; Vorbis q0.70; preload off; mono",""
"Assets/_Project/Audio/Voice/System/VO_CS_CS_06_SYSTEMFATIGUE_024.wav","VO_CS_CS_06_SYSTEMFATIGUE_024.wav",2.96,1,24000,284240,"DecompressOnLoad","PCM",1.00,True,True,True,False,"Voice/Dialogue","BuildScene",284160,"CompressedInMemory; Vorbis q0.70; preload off; mono",""
"Assets/_Project/Audio/Voice/System/VO_CS_CS_06_SYSTEMFATIGUE_026.wav","VO_CS_CS_06_SYSTEMFATIGUE_026.wav",1.52,1,24000,146000,"DecompressOnLoad","PCM",1.00,True,True,True,False,"Voice/Dialogue","BuildScene",145920,"CompressedInMemory; Vorbis q0.70; preload off; mono",""
"Assets/_Project/Audio/Voice/System/VO_CS_CS_07_FINALCHOICE_CONTINUEPROTOCOL_001.wav","VO_CS_CS_07_FINALCHOICE_CONTINUEPROTOCOL_001.wav",1.16,1,24000,111440,"DecompressOnLoad","PCM",1.00,True,True,True,False,"Voice/Dialogue","BuildScene",111360,"CompressedInMemory; Vorbis q0.70; preload off; mono",""
"Assets/_Project/Audio/Voice/System/VO_CS_CS_07_FINALCHOICE_CONTINUEPROTOCOL_002.wav","VO_CS_CS_07_FINALCHOICE_CONTINUEPROTOCOL_002.wav",2.92,1,24000,280400,"DecompressOnLoad","PCM",1.00,True,True,True,False,"Voice/Dialogue","BuildScene",280320,"CompressedInMemory; Vorbis q0.70; preload off; mono",""
"Assets/_Project/Audio/Voice/System/VO_CS_CS_07_FINALCHOICE_CONTINUEPROTOCOL_004.wav","VO_CS_CS_07_FINALCHOICE_CONTINUEPROTOCOL_004.wav",1.28,1,24000,122960,"DecompressOnLoad","PCM",1.00,True,True,True,False,"Voice/Dialogue","BuildScene",122880,"CompressedInMemory; Vorbis q0.70; preload off; mono",""
"Assets/_Project/Audio/Voice/System/VO_CS_CS_07_FINALCHOICE_CONTINUEPROTOCOL_006.wav","VO_CS_CS_07_FINALCHOICE_CONTINUEPROTOCOL_006.wav",1.2,1,24000,115280,"DecompressOnLoad","PCM",1.00,True,True,True,False,"Voice/Dialogue","BuildScene",115200,"CompressedInMemory; Vorbis q0.70; preload off; mono",""
"Assets/_Project/Audio/Voice/System/VO_CS_CS_07_FINALCHOICE_CONTINUEPROTOCOL_008.wav","VO_CS_CS_07_FINALCHOICE_CONTINUEPROTOCOL_008.wav",1.24,1,24000,119120,"DecompressOnLoad","PCM",1.00,True,True,True,False,"Voice/Dialogue","BuildScene",119040,"CompressedInMemory; Vorbis q0.70; preload off; mono",""
"Assets/_Project/Audio/Voice/System/VO_CS_CS_07_FINALCHOICE_CONTINUEPROTOCOL_009.wav","VO_CS_CS_07_FINALCHOICE_CONTINUEPROTOCOL_009.wav",2.44,1,24000,234320,"DecompressOnLoad","PCM",1.00,True,True,True,False,"Voice/Dialogue","BuildScene",234240,"CompressedInMemory; Vorbis q0.70; preload off; mono",""
"Assets/_Project/Audio/Voice/System/VO_CS_CS_07_FINALCHOICE_CONTINUEPROTOCOL_010.wav","VO_CS_CS_07_FINALCHOICE_CONTINUEPROTOCOL_010.wav",2.72,1,24000,261200,"DecompressOnLoad","PCM",1.00,True,True,True,False,"Voice/Dialogue","BuildScene",261120,"CompressedInMemory; Vorbis q0.70; preload off; mono",""
"Assets/_Project/Audio/Voice/System/VO_CS_CS_07_FINALCHOICE_CONTINUEPROTOCOL_012.wav","VO_CS_CS_07_FINALCHOICE_CONTINUEPROTOCOL_012.wav",1.4,1,24000,134480,"DecompressOnLoad","PCM",1.00,True,True,True,False,"Voice/Dialogue","BuildScene",134400,"CompressedInMemory; Vorbis q0.70; preload off; mono",""
"Assets/_Project/Audio/Voice/System/VO_CS_CS_07_FINALCHOICE_CONTINUEPROTOCOL_014.wav","VO_CS_CS_07_FINALCHOICE_CONTINUEPROTOCOL_014.wav",0.92,1,24000,88400,"DecompressOnLoad","PCM",1.00,True,True,True,False,"Voice/Dialogue","BuildScene",88320,"CompressedInMemory; Vorbis q0.70; preload off; mono",""
"Assets/_Project/Audio/Voice/System/VO_CS_CS_07_FINALCHOICE_CONTINUEPROTOCOL_016.wav","VO_CS_CS_07_FINALCHOICE_CONTINUEPROTOCOL_016.wav",2.88,1,24000,276560,"DecompressOnLoad","PCM",1.00,True,True,True,False,"Voice/Dialogue","BuildScene",276480,"CompressedInMemory; Vorbis q0.70; preload off; mono",""
"Assets/_Project/Audio/Voice/System/VO_CS_CS_07_FINALCHOICE_PRECHOICE_000.wav","VO_CS_CS_07_FINALCHOICE_PRECHOICE_000.wav",2.36,1,24000,226640,"DecompressOnLoad","PCM",1.00,True,True,True,False,"Voice/Dialogue","BuildScene",226560,"CompressedInMemory; Vorbis q0.70; preload off; mono",""
"Assets/_Project/Audio/Voice/System/VO_CS_CS_07_FINALCHOICE_PRECHOICE_001.wav","VO_CS_CS_07_FINALCHOICE_PRECHOICE_001.wav",3.84,1,24000,368720,"DecompressOnLoad","PCM",1.00,True,True,True,False,"Voice/Dialogue","BuildScene",368640,"CompressedInMemory; Vorbis q0.70; preload off; mono","Long voice is preloaded"
"Assets/_Project/Audio/Voice/System/VO_CS_CS_07_FINALCHOICE_PRECHOICE_002.wav","VO_CS_CS_07_FINALCHOICE_PRECHOICE_002.wav",3.16,1,24000,303440,"DecompressOnLoad","PCM",1.00,True,True,True,False,"Voice/Dialogue","BuildScene",303360,"CompressedInMemory; Vorbis q0.70; preload off; mono","Long voice is preloaded"
"Assets/_Project/Audio/Voice/System/VO_CS_CS_07_FINALCHOICE_PRECHOICE_004.wav","VO_CS_CS_07_FINALCHOICE_PRECHOICE_004.wav",2.12,1,24000,203600,"DecompressOnLoad","PCM",1.00,True,True,True,False,"Voice/Dialogue","BuildScene",203520,"CompressedInMemory; Vorbis q0.70; preload off; mono",""
"Assets/_Project/Audio/Voice/System/VO_CS_CS_07_FINALCHOICE_PRECHOICE_007.wav","VO_CS_CS_07_FINALCHOICE_PRECHOICE_007.wav",2.76,1,24000,265040,"DecompressOnLoad","PCM",1.00,True,True,True,False,"Voice/Dialogue","BuildScene",264960,"CompressedInMemory; Vorbis q0.70; preload off; mono",""
"Assets/_Project/Audio/Voice/System/VO_CS_CS_07_FINALCHOICE_PRECHOICE_011.wav","VO_CS_CS_07_FINALCHOICE_PRECHOICE_011.wav",2.44,1,24000,234320,"DecompressOnLoad","PCM",1.00,True,True,True,False,"Voice/Dialogue","BuildScene",234240,"CompressedInMemory; Vorbis q0.70; preload off; mono",""
"Assets/_Project/Audio/Voice/System/VO_CS_CS_07_FINALCHOICE_PRECHOICE_014.wav","VO_CS_CS_07_FINALCHOICE_PRECHOICE_014.wav",5.88,1,24000,564560,"DecompressOnLoad","PCM",1.00,True,True,True,False,"Voice/Dialogue","BuildScene",564480,"CompressedInMemory; Vorbis q0.70; preload off; mono","Long voice is preloaded"
"Assets/_Project/Audio/Voice/System/VO_CS_CS_07_FINALCHOICE_PRECHOICE_015.wav","VO_CS_CS_07_FINALCHOICE_PRECHOICE_015.wav",1.16,1,24000,111440,"DecompressOnLoad","PCM",1.00,True,True,True,False,"Voice/Dialogue","BuildScene",111360,"CompressedInMemory; Vorbis q0.70; preload off; mono",""
"Assets/_Project/Audio/Voice/System/VO_CS_CS_07_FINALCHOICE_PRECHOICE_016.wav","VO_CS_CS_07_FINALCHOICE_PRECHOICE_016.wav",1.6,1,24000,153680,"DecompressOnLoad","PCM",1.00,True,True,True,False,"Voice/Dialogue","BuildScene",153600,"CompressedInMemory; Vorbis q0.70; preload off; mono",""
"Assets/_Project/Audio/Voice/System/VO_CS_CS_07_FINALCHOICE_PRECHOICE_017.wav","VO_CS_CS_07_FINALCHOICE_PRECHOICE_017.wav",1.72,1,24000,165200,"DecompressOnLoad","PCM",1.00,True,True,True,False,"Voice/Dialogue","BuildScene",165120,"CompressedInMemory; Vorbis q0.70; preload off; mono",""
"Assets/_Project/Audio/Voice/System/VO_CS_CS_07_FINALCHOICE_PRECHOICE_019.wav","VO_CS_CS_07_FINALCHOICE_PRECHOICE_019.wav",1.92,1,24000,184400,"DecompressOnLoad","PCM",1.00,True,True,True,False,"Voice/Dialogue","BuildScene",184320,"CompressedInMemory; Vorbis q0.70; preload off; mono",""
"Assets/_Project/Audio/Voice/System/VO_CS_CS_07_FINALCHOICE_SHUTDOWNCORE_001.wav","VO_CS_CS_07_FINALCHOICE_SHUTDOWNCORE_001.wav",0.76,1,24000,73040,"DecompressOnLoad","PCM",1.00,True,True,True,False,"Voice/Dialogue","BuildScene",72960,"CompressedInMemory; Vorbis q0.70; preload off; mono",""
"Assets/_Project/Audio/Voice/System/VO_CS_CS_07_FINALCHOICE_SHUTDOWNCORE_002.wav","VO_CS_CS_07_FINALCHOICE_SHUTDOWNCORE_002.wav",4.32,1,24000,414800,"DecompressOnLoad","PCM",1.00,True,True,True,False,"Voice/Dialogue","BuildScene",414720,"CompressedInMemory; Vorbis q0.70; preload off; mono","Long voice is preloaded"
"Assets/_Project/Audio/Voice/System/VO_CS_CS_07_FINALCHOICE_SHUTDOWNCORE_004.wav","VO_CS_CS_07_FINALCHOICE_SHUTDOWNCORE_004.wav",1.92,1,24000,184400,"DecompressOnLoad","PCM",1.00,True,True,True,False,"Voice/Dialogue","BuildScene",184320,"CompressedInMemory; Vorbis q0.70; preload off; mono",""
"Assets/_Project/Audio/Voice/System/VO_CS_CS_07_FINALCHOICE_SHUTDOWNCORE_006.wav","VO_CS_CS_07_FINALCHOICE_SHUTDOWNCORE_006.wav",1.28,1,24000,122960,"DecompressOnLoad","PCM",1.00,True,True,True,False,"Voice/Dialogue","BuildScene",122880,"CompressedInMemory; Vorbis q0.70; preload off; mono",""
"Assets/_Project/Audio/Voice/System/VO_CS_CS_07_FINALCHOICE_SHUTDOWNCORE_008.wav","VO_CS_CS_07_FINALCHOICE_SHUTDOWNCORE_008.wav",1.28,1,24000,122960,"DecompressOnLoad","PCM",1.00,True,True,True,False,"Voice/Dialogue","BuildScene",122880,"CompressedInMemory; Vorbis q0.70; preload off; mono",""
"Assets/_Project/Audio/Voice/System/VO_CS_CS_07_FINALCHOICE_SHUTDOWNCORE_010.wav","VO_CS_CS_07_FINALCHOICE_SHUTDOWNCORE_010.wav",0.72,1,24000,69200,"DecompressOnLoad","PCM",1.00,True,True,True,False,"Voice/Dialogue","BuildScene",69120,"CompressedInMemory; Vorbis q0.70; preload off; mono",""
"Assets/_Project/Audio/Voice/System/VO_CS_CS_07_FINALCHOICE_SHUTDOWNCORE_012.wav","VO_CS_CS_07_FINALCHOICE_SHUTDOWNCORE_012.wav",1.6,1,24000,153680,"DecompressOnLoad","PCM",1.00,True,True,True,False,"Voice/Dialogue","BuildScene",153600,"CompressedInMemory; Vorbis q0.70; preload off; mono",""
"Assets/_Project/Audio/Voice/System/VO_CS_CS_07_FINALCHOICE_SHUTDOWNCORE_014.wav","VO_CS_CS_07_FINALCHOICE_SHUTDOWNCORE_014.wav",1.48,1,24000,142160,"DecompressOnLoad","PCM",1.00,True,True,True,False,"Voice/Dialogue","BuildScene",142080,"CompressedInMemory; Vorbis q0.70; preload off; mono",""
"Assets/_Project/Audio/Voice/System/VO_CS_CS_07_FINALCHOICE_SHUTDOWNCORE_017.wav","VO_CS_CS_07_FINALCHOICE_SHUTDOWNCORE_017.wav",3.04,1,24000,291920,"DecompressOnLoad","PCM",1.00,True,True,True,False,"Voice/Dialogue","BuildScene",291840,"CompressedInMemory; Vorbis q0.70; preload off; mono","Long voice is preloaded"
"Assets/_Project/Audio/Voice/System/VO_CS_CS_07_FINALCHOICE_SHUTDOWNCORE_019.wav","VO_CS_CS_07_FINALCHOICE_SHUTDOWNCORE_019.wav",1.32,1,24000,126800,"DecompressOnLoad","PCM",1.00,True,True,True,False,"Voice/Dialogue","BuildScene",126720,"CompressedInMemory; Vorbis q0.70; preload off; mono",""
"Assets/_Project/Audio/Voice/System/VO_CS_CS_07_FINALCHOICE_SHUTDOWNCORE_021.wav","VO_CS_CS_07_FINALCHOICE_SHUTDOWNCORE_021.wav",2.12,1,24000,203600,"DecompressOnLoad","PCM",1.00,True,True,True,False,"Voice/Dialogue","BuildScene",203520,"CompressedInMemory; Vorbis q0.70; preload off; mono",""
"Assets/_Project/Audio/Voice/System/VO_CS_CS_07_FINALCHOICE_SHUTDOWNCORE_023.wav","VO_CS_CS_07_FINALCHOICE_SHUTDOWNCORE_023.wav",0.76,1,24000,73040,"DecompressOnLoad","PCM",1.00,True,True,True,False,"Voice/Dialogue","BuildScene",72960,"CompressedInMemory; Vorbis q0.70; preload off; mono",""
"Assets/_Project/Audio/Voice/System/VO_CS_CS_07_FINALCHOICE_SHUTDOWNCORE_025.wav","VO_CS_CS_07_FINALCHOICE_SHUTDOWNCORE_025.wav",0.72,1,24000,69200,"DecompressOnLoad","PCM",1.00,True,True,True,False,"Voice/Dialogue","BuildScene",69120,"CompressedInMemory; Vorbis q0.70; preload off; mono",""
"Assets/_Project/Audio/Voice/System/VO_CS_CS_07_FINALCHOICE_SHUTDOWNCORE_027.wav","VO_CS_CS_07_FINALCHOICE_SHUTDOWNCORE_027.wav",0.64,1,24000,61520,"DecompressOnLoad","PCM",1.00,True,True,True,False,"Voice/Dialogue","BuildScene",61440,"CompressedInMemory; Vorbis q0.70; preload off; mono",""
"Assets/_Project/Audio/Voice/System/VO_CS_CS_07_FINALCHOICE_SHUTDOWNCORE_029.wav","VO_CS_CS_07_FINALCHOICE_SHUTDOWNCORE_029.wav",0.44,1,24000,42320,"DecompressOnLoad","PCM",1.00,True,True,True,False,"Voice/Dialogue","BuildScene",42240,"CompressedInMemory; Vorbis q0.70; preload off; mono",""
"Assets/_Project/Audio/Voice/System/VO_CS_CS_07_FINALCHOICE_SHUTDOWNCORE_031.wav","VO_CS_CS_07_FINALCHOICE_SHUTDOWNCORE_031.wav",2.12,1,24000,203600,"DecompressOnLoad","PCM",1.00,True,True,True,False,"Voice/Dialogue","BuildScene",203520,"CompressedInMemory; Vorbis q0.70; preload off; mono",""
"Assets/_Project/Audio/Voice/Unit07/VO_CS_CS_01_BOOTSEQUENCE_005.wav","VO_CS_CS_01_BOOTSEQUENCE_005.wav",2.26,1,24000,217040,"DecompressOnLoad","PCM",1.00,True,True,True,False,"Voice/Dialogue","BuildScene",216960,"CompressedInMemory; Vorbis q0.70; preload off; mono",""
"Assets/_Project/Audio/Voice/Unit07/VO_CS_CS_01_BOOTSEQUENCE_007.wav","VO_CS_CS_01_BOOTSEQUENCE_007.wav",2.98,1,24000,286160,"DecompressOnLoad","PCM",1.00,True,True,True,False,"Voice/Dialogue","BuildScene",286080,"CompressedInMemory; Vorbis q0.70; preload off; mono",""
"Assets/_Project/Audio/Voice/Unit07/VO_CS_CS_01_BOOTSEQUENCE_010.wav","VO_CS_CS_01_BOOTSEQUENCE_010.wav",2.26,1,24000,217040,"DecompressOnLoad","PCM",1.00,True,True,True,False,"Voice/Dialogue","BuildScene",216960,"CompressedInMemory; Vorbis q0.70; preload off; mono",""
"Assets/_Project/Audio/Voice/Unit07/VO_CS_CS_01_BOOTSEQUENCE_012.wav","VO_CS_CS_01_BOOTSEQUENCE_012.wav",2.66,1,24000,255440,"DecompressOnLoad","PCM",1.00,True,True,True,False,"Voice/Dialogue","BuildScene",255360,"CompressedInMemory; Vorbis q0.70; preload off; mono",""
"Assets/_Project/Audio/Voice/Unit07/VO_CS_CS_01_BOOTSEQUENCE_014.wav","VO_CS_CS_01_BOOTSEQUENCE_014.wav",1.94,1,24000,186320,"DecompressOnLoad","PCM",1.00,True,True,True,False,"Voice/Dialogue","BuildScene",186240,"CompressedInMemory; Vorbis q0.70; preload off; mono",""
"Assets/_Project/Audio/Voice/Unit07/VO_CS_CS_02_FIRSTDEATHRECOVERY_003.wav","VO_CS_CS_02_FIRSTDEATHRECOVERY_003.wav",1.94,1,24000,186320,"DecompressOnLoad","PCM",1.00,True,True,True,False,"Voice/Dialogue","BuildScene",186240,"CompressedInMemory; Vorbis q0.70; preload off; mono",""
"Assets/_Project/Audio/Voice/Unit07/VO_CS_CS_02_FIRSTDEATHRECOVERY_006.wav","VO_CS_CS_02_FIRSTDEATHRECOVERY_006.wav",3.42,1,24000,328400,"DecompressOnLoad","PCM",1.00,True,True,True,False,"Voice/Dialogue","BuildScene",328320,"CompressedInMemory; Vorbis q0.70; preload off; mono","Long voice is preloaded"
"Assets/_Project/Audio/Voice/Unit07/VO_CS_CS_02_FIRSTDEATHRECOVERY_008.wav","VO_CS_CS_02_FIRSTDEATHRECOVERY_008.wav",2.1,1,24000,201680,"DecompressOnLoad","PCM",1.00,True,True,True,False,"Voice/Dialogue","BuildScene",201600,"CompressedInMemory; Vorbis q0.70; preload off; mono",""
"Assets/_Project/Audio/Voice/Unit07/VO_CS_CS_02_FIRSTDEATHRECOVERY_011.wav","VO_CS_CS_02_FIRSTDEATHRECOVERY_011.wav",3.42,1,24000,328400,"DecompressOnLoad","PCM",1.00,True,True,True,False,"Voice/Dialogue","BuildScene",328320,"CompressedInMemory; Vorbis q0.70; preload off; mono","Long voice is preloaded"
"Assets/_Project/Audio/Voice/Unit07/VO_CS_CS_02_FIRSTDEATHRECOVERY_013.wav","VO_CS_CS_02_FIRSTDEATHRECOVERY_013.wav",1.82,1,24000,174800,"DecompressOnLoad","PCM",1.00,True,True,True,False,"Voice/Dialogue","BuildScene",174720,"CompressedInMemory; Vorbis q0.70; preload off; mono",""
"Assets/_Project/Audio/Voice/Unit07/VO_CS_CS_02_FIRSTDEATHRECOVERY_017.wav","VO_CS_CS_02_FIRSTDEATHRECOVERY_017.wav",0.7,1,24000,67280,"DecompressOnLoad","PCM",1.00,True,True,True,False,"Voice/Dialogue","BuildScene",67200,"CompressedInMemory; Vorbis q0.70; preload off; mono",""
"Assets/_Project/Audio/Voice/Unit07/VO_CS_CS_02_FIRSTDEATHRECOVERY_018.wav","VO_CS_CS_02_FIRSTDEATHRECOVERY_018.wav",2.06,1,24000,197840,"DecompressOnLoad","PCM",1.00,True,True,True,False,"Voice/Dialogue","BuildScene",197760,"CompressedInMemory; Vorbis q0.70; preload off; mono",""
"Assets/_Project/Audio/Voice/Unit07/VO_CS_CS_02_FIRSTDEATHRECOVERY_020.wav","VO_CS_CS_02_FIRSTDEATHRECOVERY_020.wav",2.34,1,24000,224720,"DecompressOnLoad","PCM",1.00,True,True,True,False,"Voice/Dialogue","BuildScene",224640,"CompressedInMemory; Vorbis q0.70; preload off; mono",""
"Assets/_Project/Audio/Voice/Unit07/VO_CS_CS_02_FIRSTDEATHRECOVERY_021.wav","VO_CS_CS_02_FIRSTDEATHRECOVERY_021.wav",1.82,1,24000,174800,"DecompressOnLoad","PCM",1.00,True,True,True,False,"Voice/Dialogue","BuildScene",174720,"CompressedInMemory; Vorbis q0.70; preload off; mono",""
"Assets/_Project/Audio/Voice/Unit07/VO_CS_CS_02_FIRSTDEATHRECOVERY_023.wav","VO_CS_CS_02_FIRSTDEATHRECOVERY_023.wav",1.7,1,24000,163280,"DecompressOnLoad","PCM",1.00,True,True,True,False,"Voice/Dialogue","BuildScene",163200,"CompressedInMemory; Vorbis q0.70; preload off; mono",""
"Assets/_Project/Audio/Voice/Unit07/VO_CS_CS_03_ENEMYDOESNOTCHARGE_002.wav","VO_CS_CS_03_ENEMYDOESNOTCHARGE_002.wav",1.98,1,24000,190160,"DecompressOnLoad","PCM",1.00,True,True,True,False,"Voice/Dialogue","BuildScene",190080,"CompressedInMemory; Vorbis q0.70; preload off; mono",""
"Assets/_Project/Audio/Voice/Unit07/VO_CS_CS_03_ENEMYDOESNOTCHARGE_004.wav","VO_CS_CS_03_ENEMYDOESNOTCHARGE_004.wav",0.7,1,24000,67280,"DecompressOnLoad","PCM",1.00,True,True,True,False,"Voice/Dialogue","BuildScene",67200,"CompressedInMemory; Vorbis q0.70; preload off; mono",""
"Assets/_Project/Audio/Voice/Unit07/VO_CS_CS_03_ENEMYDOESNOTCHARGE_006.wav","VO_CS_CS_03_ENEMYDOESNOTCHARGE_006.wav",2.26,1,24000,217040,"DecompressOnLoad","PCM",1.00,True,True,True,False,"Voice/Dialogue","BuildScene",216960,"CompressedInMemory; Vorbis q0.70; preload off; mono",""
"Assets/_Project/Audio/Voice/Unit07/VO_CS_CS_03_ENEMYDOESNOTCHARGE_008.wav","VO_CS_CS_03_ENEMYDOESNOTCHARGE_008.wav",3.54,1,24000,339920,"DecompressOnLoad","PCM",1.00,True,True,True,False,"Voice/Dialogue","BuildScene",339840,"CompressedInMemory; Vorbis q0.70; preload off; mono","Long voice is preloaded"
"Assets/_Project/Audio/Voice/Unit07/VO_CS_CS_03_ENEMYDOESNOTCHARGE_010.wav","VO_CS_CS_03_ENEMYDOESNOTCHARGE_010.wav",2.18,1,24000,209360,"DecompressOnLoad","PCM",1.00,True,True,True,False,"Voice/Dialogue","BuildScene",209280,"CompressedInMemory; Vorbis q0.70; preload off; mono",""
"Assets/_Project/Audio/Voice/Unit07/VO_CS_CS_03_ENEMYDOESNOTCHARGE_012.wav","VO_CS_CS_03_ENEMYDOESNOTCHARGE_012.wav",2.14,1,24000,205520,"DecompressOnLoad","PCM",1.00,True,True,True,False,"Voice/Dialogue","BuildScene",205440,"CompressedInMemory; Vorbis q0.70; preload off; mono",""
"Assets/_Project/Audio/Voice/Unit07/VO_CS_CS_03_ENEMYDOESNOTCHARGE_014.wav","VO_CS_CS_03_ENEMYDOESNOTCHARGE_014.wav",2.5,1,24000,240080,"DecompressOnLoad","PCM",1.00,True,True,True,False,"Voice/Dialogue","BuildScene",240000,"CompressedInMemory; Vorbis q0.70; preload off; mono",""
"Assets/_Project/Audio/Voice/Unit07/VO_CS_CS_03_ENEMYDOESNOTCHARGE_016.wav","VO_CS_CS_03_ENEMYDOESNOTCHARGE_016.wav",2.98,1,24000,286160,"DecompressOnLoad","PCM",1.00,True,True,True,False,"Voice/Dialogue","BuildScene",286080,"CompressedInMemory; Vorbis q0.70; preload off; mono",""
"Assets/_Project/Audio/Voice/Unit07/VO_CS_CS_03_ENEMYDOESNOTCHARGE_021.wav","VO_CS_CS_03_ENEMYDOESNOTCHARGE_021.wav",1.54,1,24000,147920,"DecompressOnLoad","PCM",1.00,True,True,True,False,"Voice/Dialogue","BuildScene",147840,"CompressedInMemory; Vorbis q0.70; preload off; mono",""
"Assets/_Project/Audio/Voice/Unit07/VO_CS_CS_04_GATEMEMORYLEAK_004.wav","VO_CS_CS_04_GATEMEMORYLEAK_004.wav",0.78,1,24000,74960,"DecompressOnLoad","PCM",1.00,True,True,True,False,"Voice/Dialogue","BuildScene",74880,"CompressedInMemory; Vorbis q0.70; preload off; mono",""
"Assets/_Project/Audio/Voice/Unit07/VO_CS_CS_04_GATEMEMORYLEAK_008.wav","VO_CS_CS_04_GATEMEMORYLEAK_008.wav",2.18,1,24000,209360,"DecompressOnLoad","PCM",1.00,True,True,True,False,"Voice/Dialogue","BuildScene",209280,"CompressedInMemory; Vorbis q0.70; preload off; mono",""
"Assets/_Project/Audio/Voice/Unit07/VO_CS_CS_04_GATEMEMORYLEAK_010.wav","VO_CS_CS_04_GATEMEMORYLEAK_010.wav",1.42,1,24000,136400,"DecompressOnLoad","PCM",1.00,True,True,True,False,"Voice/Dialogue","BuildScene",136320,"CompressedInMemory; Vorbis q0.70; preload off; mono",""
"Assets/_Project/Audio/Voice/Unit07/VO_CS_CS_04_GATEMEMORYLEAK_012.wav","VO_CS_CS_04_GATEMEMORYLEAK_012.wav",1.94,1,24000,186320,"DecompressOnLoad","PCM",1.00,True,True,True,False,"Voice/Dialogue","BuildScene",186240,"CompressedInMemory; Vorbis q0.70; preload off; mono",""
"Assets/_Project/Audio/Voice/Unit07/VO_CS_CS_04_GATEMEMORYLEAK_014.wav","VO_CS_CS_04_GATEMEMORYLEAK_014.wav",2.02,1,24000,194000,"DecompressOnLoad","PCM",1.00,True,True,True,False,"Voice/Dialogue","BuildScene",193920,"CompressedInMemory; Vorbis q0.70; preload off; mono",""
"Assets/_Project/Audio/Voice/Unit07/VO_CS_CS_04_GATEMEMORYLEAK_016.wav","VO_CS_CS_04_GATEMEMORYLEAK_016.wav",1.66,1,24000,159440,"DecompressOnLoad","PCM",1.00,True,True,True,False,"Voice/Dialogue","BuildScene",159360,"CompressedInMemory; Vorbis q0.70; preload off; mono",""
"Assets/_Project/Audio/Voice/Unit07/VO_CS_CS_04_GATEMEMORYLEAK_018.wav","VO_CS_CS_04_GATEMEMORYLEAK_018.wav",1.66,1,24000,159440,"DecompressOnLoad","PCM",1.00,True,True,True,False,"Voice/Dialogue","BuildScene",159360,"CompressedInMemory; Vorbis q0.70; preload off; mono",""
"Assets/_Project/Audio/Voice/Unit07/VO_CS_CS_04_GATEMEMORYLEAK_020.wav","VO_CS_CS_04_GATEMEMORYLEAK_020.wav",2.14,1,24000,205520,"DecompressOnLoad","PCM",1.00,True,True,True,False,"Voice/Dialogue","BuildScene",205440,"CompressedInMemory; Vorbis q0.70; preload off; mono",""
"Assets/_Project/Audio/Voice/Unit07/VO_CS_CS_04_GATEMEMORYLEAK_022.wav","VO_CS_CS_04_GATEMEMORYLEAK_022.wav",2.5,1,24000,240080,"DecompressOnLoad","PCM",1.00,True,True,True,False,"Voice/Dialogue","BuildScene",240000,"CompressedInMemory; Vorbis q0.70; preload off; mono",""
"Assets/_Project/Audio/Voice/Unit07/VO_CS_CS_05_HUMANCOMMAND_004.wav","VO_CS_CS_05_HUMANCOMMAND_004.wav",1.7,1,24000,163280,"DecompressOnLoad","PCM",1.00,True,True,True,False,"Voice/Dialogue","BuildScene",163200,"CompressedInMemory; Vorbis q0.70; preload off; mono",""
"Assets/_Project/Audio/Voice/Unit07/VO_CS_CS_05_HUMANCOMMAND_006.wav","VO_CS_CS_05_HUMANCOMMAND_006.wav",1.98,1,24000,190160,"DecompressOnLoad","PCM",1.00,True,True,True,False,"Voice/Dialogue","BuildScene",190080,"CompressedInMemory; Vorbis q0.70; preload off; mono",""
"Assets/_Project/Audio/Voice/Unit07/VO_CS_CS_05_HUMANCOMMAND_009.wav","VO_CS_CS_05_HUMANCOMMAND_009.wav",1.74,1,24000,167120,"DecompressOnLoad","PCM",1.00,True,True,True,False,"Voice/Dialogue","BuildScene",167040,"CompressedInMemory; Vorbis q0.70; preload off; mono",""
"Assets/_Project/Audio/Voice/Unit07/VO_CS_CS_05_HUMANCOMMAND_010.wav","VO_CS_CS_05_HUMANCOMMAND_010.wav",2.82,1,24000,270800,"DecompressOnLoad","PCM",1.00,True,True,True,False,"Voice/Dialogue","BuildScene",270720,"CompressedInMemory; Vorbis q0.70; preload off; mono",""
"Assets/_Project/Audio/Voice/Unit07/VO_CS_CS_05_HUMANCOMMAND_011.wav","VO_CS_CS_05_HUMANCOMMAND_011.wav",1.5,1,24000,144080,"DecompressOnLoad","PCM",1.00,True,True,True,False,"Voice/Dialogue","BuildScene",144000,"CompressedInMemory; Vorbis q0.70; preload off; mono",""
"Assets/_Project/Audio/Voice/Unit07/VO_CS_CS_05_HUMANCOMMAND_012.wav","VO_CS_CS_05_HUMANCOMMAND_012.wav",2.1,1,24000,201680,"DecompressOnLoad","PCM",1.00,True,True,True,False,"Voice/Dialogue","BuildScene",201600,"CompressedInMemory; Vorbis q0.70; preload off; mono",""
"Assets/_Project/Audio/Voice/Unit07/VO_CS_CS_05_HUMANCOMMAND_014.wav","VO_CS_CS_05_HUMANCOMMAND_014.wav",1.74,1,24000,167120,"DecompressOnLoad","PCM",1.00,True,True,True,False,"Voice/Dialogue","BuildScene",167040,"CompressedInMemory; Vorbis q0.70; preload off; mono",""
"Assets/_Project/Audio/Voice/Unit07/VO_CS_CS_05_HUMANCOMMAND_016.wav","VO_CS_CS_05_HUMANCOMMAND_016.wav",1.94,1,24000,186320,"DecompressOnLoad","PCM",1.00,True,True,True,False,"Voice/Dialogue","BuildScene",186240,"CompressedInMemory; Vorbis q0.70; preload off; mono",""
"Assets/_Project/Audio/Voice/Unit07/VO_CS_CS_05_HUMANCOMMAND_017.wav","VO_CS_CS_05_HUMANCOMMAND_017.wav",2.18,1,24000,209360,"DecompressOnLoad","PCM",1.00,True,True,True,False,"Voice/Dialogue","BuildScene",209280,"CompressedInMemory; Vorbis q0.70; preload off; mono",""
"Assets/_Project/Audio/Voice/Unit07/VO_CS_CS_05_HUMANCOMMAND_020.wav","VO_CS_CS_05_HUMANCOMMAND_020.wav",1.34,1,24000,128720,"DecompressOnLoad","PCM",1.00,True,True,True,False,"Voice/Dialogue","BuildScene",128640,"CompressedInMemory; Vorbis q0.70; preload off; mono",""
"Assets/_Project/Audio/Voice/Unit07/VO_CS_CS_05_HUMANCOMMAND_023.wav","VO_CS_CS_05_HUMANCOMMAND_023.wav",1.14,1,24000,109520,"DecompressOnLoad","PCM",1.00,True,True,True,False,"Voice/Dialogue","BuildScene",109440,"CompressedInMemory; Vorbis q0.70; preload off; mono",""
"Assets/_Project/Audio/Voice/Unit07/VO_CS_CS_05_HUMANCOMMAND_024.wav","VO_CS_CS_05_HUMANCOMMAND_024.wav",2.18,1,24000,209360,"DecompressOnLoad","PCM",1.00,True,True,True,False,"Voice/Dialogue","BuildScene",209280,"CompressedInMemory; Vorbis q0.70; preload off; mono",""
"Assets/_Project/Audio/Voice/Unit07/VO_CS_CS_05_HUMANCOMMAND_028.wav","VO_CS_CS_05_HUMANCOMMAND_028.wav",0.74,1,24000,71120,"DecompressOnLoad","PCM",1.00,True,True,True,False,"Voice/Dialogue","BuildScene",71040,"CompressedInMemory; Vorbis q0.70; preload off; mono",""
"Assets/_Project/Audio/Voice/Unit07/VO_CS_CS_06_SYSTEMFATIGUE_003.wav","VO_CS_CS_06_SYSTEMFATIGUE_003.wav",0.78,1,24000,74960,"DecompressOnLoad","PCM",1.00,True,True,True,False,"Voice/Dialogue","BuildScene",74880,"CompressedInMemory; Vorbis q0.70; preload off; mono",""
"Assets/_Project/Audio/Voice/Unit07/VO_CS_CS_06_SYSTEMFATIGUE_005.wav","VO_CS_CS_06_SYSTEMFATIGUE_005.wav",2.54,1,24000,243920,"DecompressOnLoad","PCM",1.00,True,True,True,False,"Voice/Dialogue","BuildScene",243840,"CompressedInMemory; Vorbis q0.70; preload off; mono",""
"Assets/_Project/Audio/Voice/Unit07/VO_CS_CS_06_SYSTEMFATIGUE_006.wav","VO_CS_CS_06_SYSTEMFATIGUE_006.wav",2.22,1,24000,213200,"DecompressOnLoad","PCM",1.00,True,True,True,False,"Voice/Dialogue","BuildScene",213120,"CompressedInMemory; Vorbis q0.70; preload off; mono",""
"Assets/_Project/Audio/Voice/Unit07/VO_CS_CS_06_SYSTEMFATIGUE_008.wav","VO_CS_CS_06_SYSTEMFATIGUE_008.wav",0.38,1,24000,36560,"DecompressOnLoad","PCM",1.00,True,True,True,False,"Voice/Dialogue","BuildScene",36480,"CompressedInMemory; Vorbis q0.70; preload off; mono",""
"Assets/_Project/Audio/Voice/Unit07/VO_CS_CS_06_SYSTEMFATIGUE_010.wav","VO_CS_CS_06_SYSTEMFATIGUE_010.wav",3.86,1,24000,370640,"DecompressOnLoad","PCM",1.00,True,True,True,False,"Voice/Dialogue","BuildScene",370560,"CompressedInMemory; Vorbis q0.70; preload off; mono","Long voice is preloaded"
"Assets/_Project/Audio/Voice/Unit07/VO_CS_CS_06_SYSTEMFATIGUE_012.wav","VO_CS_CS_06_SYSTEMFATIGUE_012.wav",1.86,1,24000,178640,"DecompressOnLoad","PCM",1.00,True,True,True,False,"Voice/Dialogue","BuildScene",178560,"CompressedInMemory; Vorbis q0.70; preload off; mono",""
"Assets/_Project/Audio/Voice/Unit07/VO_CS_CS_06_SYSTEMFATIGUE_014.wav","VO_CS_CS_06_SYSTEMFATIGUE_014.wav",1.82,1,24000,174800,"DecompressOnLoad","PCM",1.00,True,True,True,False,"Voice/Dialogue","BuildScene",174720,"CompressedInMemory; Vorbis q0.70; preload off; mono",""
"Assets/_Project/Audio/Voice/Unit07/VO_CS_CS_06_SYSTEMFATIGUE_016.wav","VO_CS_CS_06_SYSTEMFATIGUE_016.wav",2.66,1,24000,255440,"DecompressOnLoad","PCM",1.00,True,True,True,False,"Voice/Dialogue","BuildScene",255360,"CompressedInMemory; Vorbis q0.70; preload off; mono",""
"Assets/_Project/Audio/Voice/Unit07/VO_CS_CS_06_SYSTEMFATIGUE_017.wav","VO_CS_CS_06_SYSTEMFATIGUE_017.wav",1.94,1,24000,186320,"DecompressOnLoad","PCM",1.00,True,True,True,False,"Voice/Dialogue","BuildScene",186240,"CompressedInMemory; Vorbis q0.70; preload off; mono",""
"Assets/_Project/Audio/Voice/Unit07/VO_CS_CS_06_SYSTEMFATIGUE_019.wav","VO_CS_CS_06_SYSTEMFATIGUE_019.wav",2.38,1,24000,228560,"DecompressOnLoad","PCM",1.00,True,True,True,False,"Voice/Dialogue","BuildScene",228480,"CompressedInMemory; Vorbis q0.70; preload off; mono",""
"Assets/_Project/Audio/Voice/Unit07/VO_CS_CS_06_SYSTEMFATIGUE_021.wav","VO_CS_CS_06_SYSTEMFATIGUE_021.wav",0.78,1,24000,74960,"DecompressOnLoad","PCM",1.00,True,True,True,False,"Voice/Dialogue","BuildScene",74880,"CompressedInMemory; Vorbis q0.70; preload off; mono",""
"Assets/_Project/Audio/Voice/Unit07/VO_CS_CS_06_SYSTEMFATIGUE_023.wav","VO_CS_CS_06_SYSTEMFATIGUE_023.wav",1.7,1,24000,163280,"DecompressOnLoad","PCM",1.00,True,True,True,False,"Voice/Dialogue","BuildScene",163200,"CompressedInMemory; Vorbis q0.70; preload off; mono",""
"Assets/_Project/Audio/Voice/Unit07/VO_CS_CS_06_SYSTEMFATIGUE_025.wav","VO_CS_CS_06_SYSTEMFATIGUE_025.wav",1.5,1,24000,144080,"DecompressOnLoad","PCM",1.00,True,True,True,False,"Voice/Dialogue","BuildScene",144000,"CompressedInMemory; Vorbis q0.70; preload off; mono",""
"Assets/_Project/Audio/Voice/Unit07/VO_CS_CS_07_FINALCHOICE_CONTINUEPROTOCOL_000.wav","VO_CS_CS_07_FINALCHOICE_CONTINUEPROTOCOL_000.wav",2.54,1,24000,243920,"DecompressOnLoad","PCM",1.00,True,True,True,False,"Voice/Dialogue","BuildScene",243840,"CompressedInMemory; Vorbis q0.70; preload off; mono",""
"Assets/_Project/Audio/Voice/Unit07/VO_CS_CS_07_FINALCHOICE_CONTINUEPROTOCOL_003.wav","VO_CS_CS_07_FINALCHOICE_CONTINUEPROTOCOL_003.wav",1.34,1,24000,128720,"DecompressOnLoad","PCM",1.00,True,True,True,False,"Voice/Dialogue","BuildScene",128640,"CompressedInMemory; Vorbis q0.70; preload off; mono",""
"Assets/_Project/Audio/Voice/Unit07/VO_CS_CS_07_FINALCHOICE_CONTINUEPROTOCOL_005.wav","VO_CS_CS_07_FINALCHOICE_CONTINUEPROTOCOL_005.wav",1.38,1,24000,132560,"DecompressOnLoad","PCM",1.00,True,True,True,False,"Voice/Dialogue","BuildScene",132480,"CompressedInMemory; Vorbis q0.70; preload off; mono",""
"Assets/_Project/Audio/Voice/Unit07/VO_CS_CS_07_FINALCHOICE_CONTINUEPROTOCOL_007.wav","VO_CS_CS_07_FINALCHOICE_CONTINUEPROTOCOL_007.wav",1.06,1,24000,101840,"DecompressOnLoad","PCM",1.00,True,True,True,False,"Voice/Dialogue","BuildScene",101760,"CompressedInMemory; Vorbis q0.70; preload off; mono",""
"Assets/_Project/Audio/Voice/Unit07/VO_CS_CS_07_FINALCHOICE_CONTINUEPROTOCOL_011.wav","VO_CS_CS_07_FINALCHOICE_CONTINUEPROTOCOL_011.wav",1.7,1,24000,163280,"DecompressOnLoad","PCM",1.00,True,True,True,False,"Voice/Dialogue","BuildScene",163200,"CompressedInMemory; Vorbis q0.70; preload off; mono",""
"Assets/_Project/Audio/Voice/Unit07/VO_CS_CS_07_FINALCHOICE_CONTINUEPROTOCOL_013.wav","VO_CS_CS_07_FINALCHOICE_CONTINUEPROTOCOL_013.wav",3.34,1,24000,320720,"DecompressOnLoad","PCM",1.00,True,True,True,False,"Voice/Dialogue","BuildScene",320640,"CompressedInMemory; Vorbis q0.70; preload off; mono","Long voice is preloaded"
"Assets/_Project/Audio/Voice/Unit07/VO_CS_CS_07_FINALCHOICE_CONTINUEPROTOCOL_015.wav","VO_CS_CS_07_FINALCHOICE_CONTINUEPROTOCOL_015.wav",2.26,1,24000,217040,"DecompressOnLoad","PCM",1.00,True,True,True,False,"Voice/Dialogue","BuildScene",216960,"CompressedInMemory; Vorbis q0.70; preload off; mono",""
"Assets/_Project/Audio/Voice/Unit07/VO_CS_CS_07_FINALCHOICE_CONTINUEPROTOCOL_017.wav","VO_CS_CS_07_FINALCHOICE_CONTINUEPROTOCOL_017.wav",2.34,1,24000,224720,"DecompressOnLoad","PCM",1.00,True,True,True,False,"Voice/Dialogue","BuildScene",224640,"CompressedInMemory; Vorbis q0.70; preload off; mono",""
"Assets/_Project/Audio/Voice/Unit07/VO_CS_CS_07_FINALCHOICE_PRECHOICE_003.wav","VO_CS_CS_07_FINALCHOICE_PRECHOICE_003.wav",1.98,1,24000,190160,"DecompressOnLoad","PCM",1.00,True,True,True,False,"Voice/Dialogue","BuildScene",190080,"CompressedInMemory; Vorbis q0.70; preload off; mono",""
"Assets/_Project/Audio/Voice/Unit07/VO_CS_CS_07_FINALCHOICE_PRECHOICE_005.wav","VO_CS_CS_07_FINALCHOICE_PRECHOICE_005.wav",1.98,1,24000,190160,"DecompressOnLoad","PCM",1.00,True,True,True,False,"Voice/Dialogue","BuildScene",190080,"CompressedInMemory; Vorbis q0.70; preload off; mono",""
"Assets/_Project/Audio/Voice/Unit07/VO_CS_CS_07_FINALCHOICE_PRECHOICE_006.wav","VO_CS_CS_07_FINALCHOICE_PRECHOICE_006.wav",2.94,1,24000,282320,"DecompressOnLoad","PCM",1.00,True,True,True,False,"Voice/Dialogue","BuildScene",282240,"CompressedInMemory; Vorbis q0.70; preload off; mono",""
"Assets/_Project/Audio/Voice/Unit07/VO_CS_CS_07_FINALCHOICE_PRECHOICE_008.wav","VO_CS_CS_07_FINALCHOICE_PRECHOICE_008.wav",1.3,1,24000,124880,"DecompressOnLoad","PCM",1.00,True,True,True,False,"Voice/Dialogue","BuildScene",124800,"CompressedInMemory; Vorbis q0.70; preload off; mono",""
"Assets/_Project/Audio/Voice/Unit07/VO_CS_CS_07_FINALCHOICE_PRECHOICE_009.wav","VO_CS_CS_07_FINALCHOICE_PRECHOICE_009.wav",1.38,1,24000,132560,"DecompressOnLoad","PCM",1.00,True,True,True,False,"Voice/Dialogue","BuildScene",132480,"CompressedInMemory; Vorbis q0.70; preload off; mono",""
"Assets/_Project/Audio/Voice/Unit07/VO_CS_CS_07_FINALCHOICE_PRECHOICE_010.wav","VO_CS_CS_07_FINALCHOICE_PRECHOICE_010.wav",1.1,1,24000,105680,"DecompressOnLoad","PCM",1.00,True,True,True,False,"Voice/Dialogue","BuildScene",105600,"CompressedInMemory; Vorbis q0.70; preload off; mono",""
"Assets/_Project/Audio/Voice/Unit07/VO_CS_CS_07_FINALCHOICE_PRECHOICE_012.wav","VO_CS_CS_07_FINALCHOICE_PRECHOICE_012.wav",0.78,1,24000,74960,"DecompressOnLoad","PCM",1.00,True,True,True,False,"Voice/Dialogue","BuildScene",74880,"CompressedInMemory; Vorbis q0.70; preload off; mono",""
"Assets/_Project/Audio/Voice/Unit07/VO_CS_CS_07_FINALCHOICE_PRECHOICE_013.wav","VO_CS_CS_07_FINALCHOICE_PRECHOICE_013.wav",2.62,1,24000,251600,"DecompressOnLoad","PCM",1.00,True,True,True,False,"Voice/Dialogue","BuildScene",251520,"CompressedInMemory; Vorbis q0.70; preload off; mono",""
"Assets/_Project/Audio/Voice/Unit07/VO_CS_CS_07_FINALCHOICE_SHUTDOWNCORE_000.wav","VO_CS_CS_07_FINALCHOICE_SHUTDOWNCORE_000.wav",1.58,1,24000,151760,"DecompressOnLoad","PCM",1.00,True,True,True,False,"Voice/Dialogue","BuildScene",151680,"CompressedInMemory; Vorbis q0.70; preload off; mono",""
"Assets/_Project/Audio/Voice/Unit07/VO_CS_CS_07_FINALCHOICE_SHUTDOWNCORE_003.wav","VO_CS_CS_07_FINALCHOICE_SHUTDOWNCORE_003.wav",0.86,1,24000,82640,"DecompressOnLoad","PCM",1.00,True,True,True,False,"Voice/Dialogue","BuildScene",82560,"CompressedInMemory; Vorbis q0.70; preload off; mono",""
"Assets/_Project/Audio/Voice/Unit07/VO_CS_CS_07_FINALCHOICE_SHUTDOWNCORE_005.wav","VO_CS_CS_07_FINALCHOICE_SHUTDOWNCORE_005.wav",0.94,1,24000,90320,"DecompressOnLoad","PCM",1.00,True,True,True,False,"Voice/Dialogue","BuildScene",90240,"CompressedInMemory; Vorbis q0.70; preload off; mono",""
"Assets/_Project/Audio/Voice/Unit07/VO_CS_CS_07_FINALCHOICE_SHUTDOWNCORE_007.wav","VO_CS_CS_07_FINALCHOICE_SHUTDOWNCORE_007.wav",0.58,1,24000,55760,"DecompressOnLoad","PCM",1.00,True,True,True,False,"Voice/Dialogue","BuildScene",55680,"CompressedInMemory; Vorbis q0.70; preload off; mono",""
"Assets/_Project/Audio/Voice/Unit07/VO_CS_CS_07_FINALCHOICE_SHUTDOWNCORE_009.wav","VO_CS_CS_07_FINALCHOICE_SHUTDOWNCORE_009.wav",0.5,1,24000,48080,"DecompressOnLoad","PCM",1.00,True,True,True,False,"Voice/Dialogue","BuildScene",48000,"CompressedInMemory; Vorbis q0.70; preload off; mono",""
"Assets/_Project/Audio/Voice/Unit07/VO_CS_CS_07_FINALCHOICE_SHUTDOWNCORE_011.wav","VO_CS_CS_07_FINALCHOICE_SHUTDOWNCORE_011.wav",2.1,1,24000,201680,"DecompressOnLoad","PCM",1.00,True,True,True,False,"Voice/Dialogue","BuildScene",201600,"CompressedInMemory; Vorbis q0.70; preload off; mono",""
"Assets/_Project/Audio/Voice/Unit07/VO_CS_CS_07_FINALCHOICE_SHUTDOWNCORE_013.wav","VO_CS_CS_07_FINALCHOICE_SHUTDOWNCORE_013.wav",1.94,1,24000,186320,"DecompressOnLoad","PCM",1.00,True,True,True,False,"Voice/Dialogue","BuildScene",186240,"CompressedInMemory; Vorbis q0.70; preload off; mono",""
"Assets/_Project/Audio/Voice/Unit07/VO_CS_CS_07_FINALCHOICE_SHUTDOWNCORE_015.wav","VO_CS_CS_07_FINALCHOICE_SHUTDOWNCORE_015.wav",2.54,1,24000,243920,"DecompressOnLoad","PCM",1.00,True,True,True,False,"Voice/Dialogue","BuildScene",243840,"CompressedInMemory; Vorbis q0.70; preload off; mono",""
"Assets/_Project/Audio/Voice/Unit07/VO_CS_CS_07_FINALCHOICE_SHUTDOWNCORE_018.wav","VO_CS_CS_07_FINALCHOICE_SHUTDOWNCORE_018.wav",0.34,1,24000,32720,"DecompressOnLoad","PCM",1.00,True,True,True,False,"Voice/Dialogue","BuildScene",32640,"CompressedInMemory; Vorbis q0.70; preload off; mono",""
"Assets/_Project/Audio/Voice/Unit07/VO_CS_CS_07_FINALCHOICE_SHUTDOWNCORE_020.wav","VO_CS_CS_07_FINALCHOICE_SHUTDOWNCORE_020.wav",1.9,1,24000,182480,"DecompressOnLoad","PCM",1.00,True,True,True,False,"Voice/Dialogue","BuildScene",182400,"CompressedInMemory; Vorbis q0.70; preload off; mono",""
"Assets/_Project/Audio/Voice/Unit07/VO_CS_CS_07_FINALCHOICE_SHUTDOWNCORE_022.wav","VO_CS_CS_07_FINALCHOICE_SHUTDOWNCORE_022.wav",1.7,1,24000,163280,"DecompressOnLoad","PCM",1.00,True,True,True,False,"Voice/Dialogue","BuildScene",163200,"CompressedInMemory; Vorbis q0.70; preload off; mono",""
"Assets/_Project/Audio/Voice/Unit07/VO_CS_CS_07_FINALCHOICE_SHUTDOWNCORE_024.wav","VO_CS_CS_07_FINALCHOICE_SHUTDOWNCORE_024.wav",1.82,1,24000,174800,"DecompressOnLoad","PCM",1.00,True,True,True,False,"Voice/Dialogue","BuildScene",174720,"CompressedInMemory; Vorbis q0.70; preload off; mono",""
"Assets/_Project/Audio/Voice/Unit07/VO_CS_CS_07_FINALCHOICE_SHUTDOWNCORE_026.wav","VO_CS_CS_07_FINALCHOICE_SHUTDOWNCORE_026.wav",1.86,1,24000,178640,"DecompressOnLoad","PCM",1.00,True,True,True,False,"Voice/Dialogue","BuildScene",178560,"CompressedInMemory; Vorbis q0.70; preload off; mono",""
"Assets/_Project/Audio/Voice/Unit07/VO_CS_CS_07_FINALCHOICE_SHUTDOWNCORE_028.wav","VO_CS_CS_07_FINALCHOICE_SHUTDOWNCORE_028.wav",1.26,1,24000,121040,"DecompressOnLoad","PCM",1.00,True,True,True,False,"Voice/Dialogue","BuildScene",120960,"CompressedInMemory; Vorbis q0.70; preload off; mono",""
"Assets/_Project/Audio/Voice/Unit07/VO_CS_CS_07_FINALCHOICE_SHUTDOWNCORE_030.wav","VO_CS_CS_07_FINALCHOICE_SHUTDOWNCORE_030.wav",1.82,1,24000,174800,"DecompressOnLoad","PCM",1.00,True,True,True,False,"Voice/Dialogue","BuildScene",174720,"CompressedInMemory; Vorbis q0.70; preload off; mono",""
"Assets/Easy Cutscene/Assets/Audio/SFX/chatsound.mp3","chatsound.mp3",0.192,2,48000,6144,"DecompressOnLoad","Vorbis",1.00,False,False,False,False,"Gameplay SFX","PrefabOnly",73728,"DecompressOnLoad; ADPCM; preload on; mono when safe","Potential mono content stored as stereo; High sample rate for non-music"
"Assets/Sound/Combat/bullet_hit_enemy_01.ogg","bullet_hit_enemy_01.ogg",0.218,2,44100,16126,"DecompressOnLoad","PCM",1.00,True,False,False,False,"Gameplay SFX","BuildScene",77016,"DecompressOnLoad; ADPCM; preload on; mono when safe","Potential mono content stored as stereo"
"Assets/Sound/Combat/bullet_hit_enemy_02.ogg","bullet_hit_enemy_02.ogg",0.204,2,44100,16320,"DecompressOnLoad","PCM",1.00,True,False,False,False,"Gameplay SFX","BuildScene",71880,"DecompressOnLoad; ADPCM; preload on; mono when safe","Potential mono content stored as stereo"
"Assets/Sound/Combat/bullet_hit_enemy_03.ogg","bullet_hit_enemy_03.ogg",0.223,2,44100,16179,"DecompressOnLoad","PCM",1.00,True,False,False,False,"Gameplay SFX","BuildScene",78808,"DecompressOnLoad; ADPCM; preload on; mono when safe","Potential mono content stored as stereo"
"Assets/Sound/Combat/chomboom_explosion.ogg","chomboom_explosion.ogg",0.777,1,44100,28274,"CompressedInMemory","Vorbis",0.80,True,False,False,False,"Gameplay SFX","BuildScene",28274,"CompressedInMemory; Vorbis q0.75; preload on; mono when safe",""
"Assets/Sound/Combat/core_shutdown.ogg","core_shutdown.ogg",0.744,1,44100,27440,"CompressedInMemory","Vorbis",0.80,True,False,False,False,"Gameplay SFX","BuildScene",27440,"DecompressOnLoad; ADPCM; preload on; mono when safe",""
"Assets/Sound/Combat/dialogue_type_system.ogg","dialogue_type_system.ogg",0.532,1,44100,19616,"CompressedInMemory","Vorbis",0.80,True,False,False,False,"Voice/Dialogue","BuildScene",19616,"CompressedInMemory; Vorbis q0.70; preload off; mono",""
"Assets/Sound/Combat/dialogue_type_unit07.ogg","dialogue_type_unit07.ogg",0.533,1,44100,20530,"CompressedInMemory","Vorbis",0.80,True,False,False,False,"Voice/Dialogue","BuildScene",20530,"CompressedInMemory; Vorbis q0.70; preload off; mono",""
"Assets/Sound/Combat/final_choice_confirm.ogg","final_choice_confirm.ogg",0.344,2,44100,8973,"CompressedInMemory","Vorbis",0.80,True,False,False,False,"UI/Short SFX","BuildScene",8973,"DecompressOnLoad; ADPCM; preload on; mono when safe","Potential mono content stored as stereo"
"Assets/Sound/Combat/gate_freeze_activate.wav","gate_freeze_activate.wav",2.125,2,48000,613544,"DecompressOnLoad","PCM",1.00,True,False,False,False,"Gameplay SFX","BuildScene",816000,"CompressedInMemory; Vorbis q0.75; preload on; mono when safe","Potential mono content stored as stereo; High sample rate for non-music"
"Assets/Sound/Combat/player_shot_01.ogg","player_shot_01.ogg",0.69,2,44100,39750,"DecompressOnLoad","PCM",1.00,True,False,False,False,"Gameplay SFX","BuildScene",243456,"DecompressOnLoad; ADPCM; preload on; mono when safe","Potential mono content stored as stereo"
"Assets/Sound/Combat/player_shot_02.ogg","player_shot_02.ogg",0.497,2,44100,30025,"DecompressOnLoad","PCM",1.00,True,False,False,False,"Gameplay SFX","BuildScene",175472,"DecompressOnLoad; ADPCM; preload on; mono when safe","Potential mono content stored as stereo"
"Assets/Sound/Combat/player_shot_03.ogg","player_shot_03.ogg",0.69,2,44100,39750,"DecompressOnLoad","PCM",1.00,True,False,False,False,"Gameplay SFX","BuildScene",243456,"DecompressOnLoad; ADPCM; preload on; mono when safe","Potential mono content stored as stereo"
"Assets/Sound/Combat/run_start_deploy.ogg","run_start_deploy.ogg",3.43,2,48000,182486,"CompressedInMemory","Vorbis",0.80,True,False,False,False,"Gameplay SFX","BuildScene",182486,"CompressedInMemory; Vorbis q0.75; preload on; mono when safe","Potential mono content stored as stereo; High sample rate for non-music"
"Assets/Sound/Combat/squad_defeated.ogg","squad_defeated.ogg",2.218,2,44100,93848,"CompressedInMemory","Vorbis",0.80,True,False,False,False,"Gameplay SFX","BuildScene",93848,"CompressedInMemory; Vorbis q0.75; preload on; mono when safe","Potential mono content stored as stereo"
"Assets/Sound/Combat/system_warning_memory_glitch.wav","system_warning_memory_glitch.wav",0.321,2,48000,93654,"CompressedInMemory","Vorbis",0.80,True,False,False,False,"Gameplay SFX","BuildScene",93654,"DecompressOnLoad; ADPCM; preload on; mono when safe","Potential mono content stored as stereo; High sample rate for non-music"
"Assets/Sound/Music/amb_gameplay_planet.ogg","amb_gameplay_planet.ogg",56.895,2,44100,817770,"Streaming","Vorbis",0.70,False,True,False,False,"Music/Ambience","BuildScene",209715,"Streaming; Vorbis q0.70; preload off; background on; stereo",""
"Assets/Sound/Music/bgm_ending.ogg","bgm_ending.ogg",94.041,2,44100,1785891,"Streaming","Vorbis",0.70,False,True,False,False,"Music/Ambience","BuildScene",209715,"Streaming; Vorbis q0.70; preload off; background on; stereo",""
"Assets/Sound/Music/bgm_gameplay_normal.ogg","bgm_gameplay_normal.ogg",71.131,2,44100,831824,"Streaming","Vorbis",0.70,False,True,False,False,"Music/Ambience","BuildScene",209715,"Streaming; Vorbis q0.70; preload off; background on; stereo",""
"Assets/Sound/Music/bgm_gameplay_pressure.ogg","bgm_gameplay_pressure.ogg",56.895,2,44100,828217,"Streaming","Vorbis",0.70,False,True,False,False,"Music/Ambience","BuildScene",209715,"Streaming; Vorbis q0.70; preload off; background on; stereo",""
"Assets/Sound/Music/bgm_main_menu.ogg","bgm_main_menu.ogg",425.587,2,44100,7930448,"Streaming","Vorbis",0.70,False,True,False,False,"Music/Ambience","BuildScene",209715,"Streaming; Vorbis q0.70; preload off; background on; stereo",""
"Assets/Sound/Music/bgm_story_cutscene.ogg","bgm_story_cutscene.ogg",64,2,44100,1117106,"Streaming","Vorbis",0.70,False,True,False,False,"Music/Ambience","BuildScene",209715,"Streaming; Vorbis q0.70; preload off; background on; stereo",""
"Assets/Sound/Music/stinger_mission_complete.ogg","stinger_mission_complete.ogg",5.878,2,44100,91504,"CompressedInMemory","Vorbis",0.80,True,False,False,False,"Music/Ambience","BuildScene",91504,"Streaming; Vorbis q0.70; preload off; background on; stereo","Music/ambience is preloaded"
"Assets/Sound/UI/ui_back.wav","ui_back.wav",1,2,48000,289520,"DecompressOnLoad","PCM",1.00,True,False,False,False,"UI/Short SFX","BuildScene",384000,"CompressedInMemory; Vorbis q0.75; preload on; mono when safe","Potential mono content stored as stereo; High sample rate for non-music"
"Assets/Sound/UI/ui_confirm.wav","ui_confirm.wav",1,2,48000,289520,"DecompressOnLoad","PCM",1.00,True,False,False,False,"UI/Short SFX","BuildScene",384000,"CompressedInMemory; Vorbis q0.75; preload on; mono when safe","Potential mono content stored as stereo; High sample rate for non-music"
"Assets/Sound/UI/ui_dialogue_advance.wav","ui_dialogue_advance.wav",1,2,48000,289520,"DecompressOnLoad","PCM",1.00,True,False,False,False,"Voice/Dialogue","BuildScene",384000,"CompressedInMemory; Vorbis q0.70; preload off; mono","Potential mono content stored as stereo; High sample rate for non-music"
"Assets/Sound/UI/ui_focus.wav","ui_focus.wav",1,2,48000,289520,"DecompressOnLoad","PCM",1.00,True,False,False,False,"UI/Short SFX","BuildScene",384000,"CompressedInMemory; Vorbis q0.75; preload on; mono when safe","Potential mono content stored as stereo; High sample rate for non-music"
"Assets/Sound/UI/ui_invalid_locked.wav","ui_invalid_locked.wav",1,2,48000,289518,"DecompressOnLoad","PCM",1.00,True,False,False,False,"UI/Short SFX","BuildScene",384000,"CompressedInMemory; Vorbis q0.75; preload on; mono when safe","Potential mono content stored as stereo; High sample rate for non-music"
"Assets/Sound/UI/ui_panel_close.wav","ui_panel_close.wav",1.045,2,48000,302362,"DecompressOnLoad","PCM",1.00,True,False,False,False,"UI/Short SFX","BuildScene",401120,"CompressedInMemory; Vorbis q0.75; preload on; mono when safe","Potential mono content stored as stereo; High sample rate for non-music"
"Assets/Sound/UI/ui_panel_open.wav","ui_panel_open.wav",1.041,2,48000,301464,"DecompressOnLoad","PCM",1.00,True,False,False,False,"UI/Short SFX","BuildScene",399920,"CompressedInMemory; Vorbis q0.75; preload on; mono when safe","Potential mono content stored as stereo; High sample rate for non-music"
"Assets/Sound/UI/ui_upgrade_purchase.wav","ui_upgrade_purchase.wav",0.689,2,48000,199906,"DecompressOnLoad","PCM",1.00,True,False,False,False,"UI/Short SFX","BuildScene",264704,"DecompressOnLoad; ADPCM; preload on; mono when safe","Potential mono content stored as stereo; High sample rate for non-music"
