run,damage_level,fire_rate_level,max_hp_level,projectile_count_level,squad_size_level,damage,fire_rate,max_hp,projectile_count,squad_size,purchases,target_cumulative_income,target_spent,target_wallet_reserve,effective_dps,estimated_base_projectile_emissions_per_second
5,1,1,1,0,0,1.4,4.4,11.5,1,1,3,12500,11000,1500,23.186,4.4
10,1,1,1,1,1,1.4,4.4,11.5,2,2,5,40000,38000,2000,51.475,17.6
15,2,2,2,1,1,1.8,4.8,13,2,2,8,78000,68000,10000,72.198,19.2
20,2,2,3,1,2,1.8,4.8,15,2,3,10,138000,136000,2000,108.298,28.8
25,3,2,3,2,2,2.2,4.8,15,3,3,12,223000,221000,2000,142.433,43.2
30,3,3,4,2,2,2.2,5.2,17.5,3,3,14,333000,285000,48000,154.302,46.8
35,4,4,4,2,2,2.6,5.8,17.5,3,3,16,468000,402000,66000,203.398,52.2
40,4,4,5,2,3,2.6,5.8,20,3,4,18,623000,611000,12000,271.198,69.6
45,4,5,5,2,3,2.6,6.4,20,3,4,19,793000,711000,82000,298.649,76.645
