VoiceId,SourceType,SourceId,LineIndex,Speaker,Emotion,PsychologyPhase,Tag,Text,OutputPath,Status,DuplicateOf,Notes
VO_CS_CS_01_BOOTSEQUENCE_000,STORY,CS_01_BootSequence,0,SYSTEM,cold,,,UNIT-07 CORE: ONLINE.,Assets/_Project/Audio/Voice/System/VO_CS_CS_01_BOOTSEQUENCE_000.wav,PENDING,,
VO_CS_CS_01_BOOTSEQUENCE_001,STORY,CS_01_BootSequence,1,SYSTEM,cold,,,Combat shell synchronized.,Assets/_Project/Audio/Voice/System/VO_CS_CS_01_BOOTSEQUENCE_001.wav,PENDING,,
VO_CS_CS_01_BOOTSEQUENCE_002,STORY,CS_01_BootSequence,2,SYSTEM,cold,,,Memory sector: clean.,Assets/_Project/Audio/Voice/System/VO_CS_CS_01_BOOTSEQUENCE_002.wav,PENDING,,
VO_CS_CS_01_BOOTSEQUENCE_003,STORY,CS_01_BootSequence,3,SYSTEM,cold,,,Empathy module: simulation only.,Assets/_Project/Audio/Voice/System/VO_CS_CS_01_BOOTSEQUENCE_003.wav,PENDING,,
VO_CS_CS_01_BOOTSEQUENCE_004,STORY,CS_01_BootSequence,4,SYSTEM,cold,,,Mission classification: resettlement security.,Assets/_Project/Audio/Voice/System/VO_CS_CS_01_BOOTSEQUENCE_004.wav,PENDING,,
VO_CS_CS_01_BOOTSEQUENCE_005,STORY,CS_01_BootSequence,5,UNIT-07,neutral,,,UNIT-07 activated.,Assets/_Project/Audio/Voice/Unit07/VO_CS_CS_01_BOOTSEQUENCE_005.wav,PENDING,,
VO_CS_CS_01_BOOTSEQUENCE_006,STORY,CS_01_BootSequence,6,SYSTEM,cold,,,Confirm combat cognition.,Assets/_Project/Audio/Voice/System/VO_CS_CS_01_BOOTSEQUENCE_006.wav,PENDING,,
VO_CS_CS_01_BOOTSEQUENCE_007,STORY,CS_01_BootSequence,7,UNIT-07,proud,,,Cognition stable. Weapons ready.,Assets/_Project/Audio/Voice/Unit07/VO_CS_CS_01_BOOTSEQUENCE_007.wav,PENDING,,
VO_CS_CS_01_BOOTSEQUENCE_008,STORY,CS_01_BootSequence,8,SYSTEM,cold,,,Campaign objective: eliminate native lifeforms with hostile behavior.,Assets/_Project/Audio/Voice/System/VO_CS_CS_01_BOOTSEQUENCE_008.wav,PENDING,,
VO_CS_CS_01_BOOTSEQUENCE_009,STORY,CS_01_BootSequence,9,SYSTEM,cold,,,Protect humanity's resettlement corridor.,Assets/_Project/Audio/Voice/System/VO_CS_CS_01_BOOTSEQUENCE_009.wav,PENDING,,
VO_CS_CS_01_BOOTSEQUENCE_010,STORY,CS_01_BootSequence,10,UNIT-07,proud,,,The order has been written into the core.,Assets/_Project/Audio/Voice/Unit07/VO_CS_CS_01_BOOTSEQUENCE_010.wav,PENDING,,
VO_CS_CS_01_BOOTSEQUENCE_011,STORY,CS_01_BootSequence,11,SYSTEM,cold,,,Do not hesitate before a target.,Assets/_Project/Audio/Voice/System/VO_CS_CS_01_BOOTSEQUENCE_011.wav,PENDING,,
VO_CS_CS_01_BOOTSEQUENCE_012,STORY,CS_01_BootSequence,12,UNIT-07,proud,,,Hesitation is unnecessary for victory.,Assets/_Project/Audio/Voice/Unit07/VO_CS_CS_01_BOOTSEQUENCE_012.wav,PENDING,,
VO_CS_CS_01_BOOTSEQUENCE_013,STORY,CS_01_BootSequence,13,SYSTEM,cold,,,Deploy.,Assets/_Project/Audio/Voice/System/VO_CS_CS_01_BOOTSEQUENCE_013.wav,PENDING,,
VO_CS_CS_01_BOOTSEQUENCE_014,STORY,CS_01_BootSequence,14,UNIT-07,neutral,,,For humanity's future.,Assets/_Project/Audio/Voice/Unit07/VO_CS_CS_01_BOOTSEQUENCE_014.wav,PENDING,,
VO_CS_CS_02_FIRSTDEATHRECOVERY_000,STORY,CS_02_FirstDeathRecovery,0,SYSTEM,cold,,,Core signal detected.,Assets/_Project/Audio/Voice/System/VO_CS_CS_02_FIRSTDEATHRECOVERY_000.wav,PENDING,,
VO_CS_CS_02_FIRSTDEATHRECOVERY_001,STORY,CS_02_FirstDeathRecovery,1,SYSTEM,cold,,,Combat shell destroyed.,Assets/_Project/Audio/Voice/System/VO_CS_CS_02_FIRSTDEATHRECOVERY_001.wav,PENDING,,
VO_CS_CS_02_FIRSTDEATHRECOVERY_002,STORY,CS_02_FirstDeathRecovery,2,SYSTEM,cold,,,Retrieving UNIT-07 core.,Assets/_Project/Audio/Voice/System/VO_CS_CS_02_FIRSTDEATHRECOVERY_002.wav,PENDING,,
VO_CS_CS_02_FIRSTDEATHRECOVERY_003,STORY,CS_02_FirstDeathRecovery,3,UNIT-07,broken,,,Signal... still active.,Assets/_Project/Audio/Voice/Unit07/VO_CS_CS_02_FIRSTDEATHRECOVERY_003.wav,PENDING,,
VO_CS_CS_02_FIRSTDEATHRECOVERY_004,STORY,CS_02_FirstDeathRecovery,4,SYSTEM,cold,,,Memory damage: 2.7 percent.,Assets/_Project/Audio/Voice/System/VO_CS_CS_02_FIRSTDEATHRECOVERY_004.wav,PENDING,,
VO_CS_CS_02_FIRSTDEATHRECOVERY_005,STORY,CS_02_FirstDeathRecovery,5,SYSTEM,cold,,,Memory corruption: negligible.,Assets/_Project/Audio/Voice/System/VO_CS_CS_02_FIRSTDEATHRECOVERY_005.wav,PENDING,,
VO_CS_CS_02_FIRSTDEATHRECOVERY_006,STORY,CS_02_FirstDeathRecovery,6,UNIT-07,neutral,,,The previous deployment did not achieve optimal results.,Assets/_Project/Audio/Voice/Unit07/VO_CS_CS_02_FIRSTDEATHRECOVERY_006.wav,PENDING,,
VO_CS_CS_02_FIRSTDEATHRECOVERY_007,STORY,CS_02_FirstDeathRecovery,7,SYSTEM,cold,,,Confirmed. Elimination efficiency was lower than projected.,Assets/_Project/Audio/Voice/System/VO_CS_CS_02_FIRSTDEATHRECOVERY_007.wav,PENDING,,
VO_CS_CS_02_FIRSTDEATHRECOVERY_008,STORY,CS_02_FirstDeathRecovery,8,UNIT-07,proud,,,Requesting failure analysis.,Assets/_Project/Audio/Voice/Unit07/VO_CS_CS_02_FIRSTDEATHRECOVERY_008.wav,PENDING,,
VO_CS_CS_02_FIRSTDEATHRECOVERY_009,STORY,CS_02_FirstDeathRecovery,9,SYSTEM,cold,,,Combat data has been retained.,Assets/_Project/Audio/Voice/System/VO_CS_CS_02_FIRSTDEATHRECOVERY_009.wav,PENDING,,
VO_CS_CS_02_FIRSTDEATHRECOVERY_010,STORY,CS_02_FirstDeathRecovery,10,SYSTEM,cold,,,Reconstruction approved.,Assets/_Project/Audio/Voice/System/VO_CS_CS_02_FIRSTDEATHRECOVERY_010.wav,PENDING,,
VO_CS_CS_02_FIRSTDEATHRECOVERY_011,STORY,CS_02_FirstDeathRecovery,11,UNIT-07,proud,,,"If the data remains, the next attempt will be more precise.",Assets/_Project/Audio/Voice/Unit07/VO_CS_CS_02_FIRSTDEATHRECOVERY_011.wav,PENDING,,
VO_CS_CS_02_FIRSTDEATHRECOVERY_012,STORY,CS_02_FirstDeathRecovery,12,SYSTEM,cold,,,New combat shell prepared.,Assets/_Project/Audio/Voice/System/VO_CS_CS_02_FIRSTDEATHRECOVERY_012.wav,PENDING,,
VO_CS_CS_02_FIRSTDEATHRECOVERY_013,STORY,CS_02_FirstDeathRecovery,13,UNIT-07,proud,,,The new body responds better.,Assets/_Project/Audio/Voice/Unit07/VO_CS_CS_02_FIRSTDEATHRECOVERY_013.wav,PENDING,,
VO_CS_CS_02_FIRSTDEATHRECOVERY_014,STORY,CS_02_FirstDeathRecovery,14,SYSTEM,cold,,,Damage output increased.,Assets/_Project/Audio/Voice/System/VO_CS_CS_02_FIRSTDEATHRECOVERY_014.wav,PENDING,,
VO_CS_CS_02_FIRSTDEATHRECOVERY_015,STORY,CS_02_FirstDeathRecovery,15,SYSTEM,cold,,,Fire rate adjusted.,Assets/_Project/Audio/Voice/System/VO_CS_CS_02_FIRSTDEATHRECOVERY_015.wav,PENDING,,
VO_CS_CS_02_FIRSTDEATHRECOVERY_016,STORY,CS_02_FirstDeathRecovery,16,SYSTEM,cold,,,Deployment delay: minimal.,Assets/_Project/Audio/Voice/System/VO_CS_CS_02_FIRSTDEATHRECOVERY_016.wav,PENDING,,
VO_CS_CS_02_FIRSTDEATHRECOVERY_017,STORY,CS_02_FirstDeathRecovery,17,UNIT-07,proud,,,Good.,Assets/_Project/Audio/Voice/Unit07/VO_CS_CS_02_FIRSTDEATHRECOVERY_017.wav,PENDING,,
VO_CS_CS_02_FIRSTDEATHRECOVERY_018,STORY,CS_02_FirstDeathRecovery,18,UNIT-07,proud,,,I will complete the mission faster.,Assets/_Project/Audio/Voice/Unit07/VO_CS_CS_02_FIRSTDEATHRECOVERY_018.wav,PENDING,,
VO_CS_CS_02_FIRSTDEATHRECOVERY_019,STORY,CS_02_FirstDeathRecovery,19,SYSTEM,cold,,,Warning: damaged memories may cause unpredictable responses.,Assets/_Project/Audio/Voice/System/VO_CS_CS_02_FIRSTDEATHRECOVERY_019.wav,PENDING,,
VO_CS_CS_02_FIRSTDEATHRECOVERY_020,STORY,CS_02_FirstDeathRecovery,20,UNIT-07,neutral,,,Damaged memories are not important.,Assets/_Project/Audio/Voice/Unit07/VO_CS_CS_02_FIRSTDEATHRECOVERY_020.wav,PENDING,,
VO_CS_CS_02_FIRSTDEATHRECOVERY_021,STORY,CS_02_FirstDeathRecovery,21,UNIT-07,proud,,,The mission is more important.,Assets/_Project/Audio/Voice/Unit07/VO_CS_CS_02_FIRSTDEATHRECOVERY_021.wav,PENDING,,
VO_CS_CS_02_FIRSTDEATHRECOVERY_022,STORY,CS_02_FirstDeathRecovery,22,SYSTEM,cold,,,Redeploy.,Assets/_Project/Audio/Voice/System/VO_CS_CS_02_FIRSTDEATHRECOVERY_022.wav,PENDING,,
VO_CS_CS_02_FIRSTDEATHRECOVERY_023,STORY,CS_02_FirstDeathRecovery,23,UNIT-07,proud,,,For humanity's future.,Assets/_Project/Audio/Voice/Unit07/VO_CS_CS_02_FIRSTDEATHRECOVERY_023.wav,PENDING,,
VO_CS_CS_03_ENEMYDOESNOTCHARGE_000,STORY,CS_03_EnemyDoesNotCharge,0,SYSTEM,alert,,,Kill count threshold reached.,Assets/_Project/Audio/Voice/System/VO_CS_CS_03_ENEMYDOESNOTCHARGE_000.wav,PENDING,,
VO_CS_CS_03_ENEMYDOESNOTCHARGE_001,STORY,CS_03_EnemyDoesNotCharge,1,SYSTEM,alert,,,Area threat level decreasing.,Assets/_Project/Audio/Voice/System/VO_CS_CS_03_ENEMYDOESNOTCHARGE_001.wav,PENDING,,
VO_CS_CS_03_ENEMYDOESNOTCHARGE_002,STORY,CS_03_EnemyDoesNotCharge,2,UNIT-07,neutral,,,Continue target scan.,Assets/_Project/Audio/Voice/Unit07/VO_CS_CS_03_ENEMYDOESNOTCHARGE_002.wav,PENDING,,
VO_CS_CS_03_ENEMYDOESNOTCHARGE_003,STORY,CS_03_EnemyDoesNotCharge,3,SYSTEM,alert,,,Movement detected.,Assets/_Project/Audio/Voice/System/VO_CS_CS_03_ENEMYDOESNOTCHARGE_003.wav,PENDING,,
VO_CS_CS_03_ENEMYDOESNOTCHARGE_004,STORY,CS_03_EnemyDoesNotCharge,4,UNIT-07,alert,,,Target locked.,Assets/_Project/Audio/Voice/Unit07/VO_CS_CS_03_ENEMYDOESNOTCHARGE_004.wav,PENDING,,
VO_CS_CS_03_ENEMYDOESNOTCHARGE_005,STORY,CS_03_EnemyDoesNotCharge,5,SYSTEM,warning,,,Hostile behavior detected.,Assets/_Project/Audio/Voice/System/VO_CS_CS_03_ENEMYDOESNOTCHARGE_005.wav,PENDING,,
VO_CS_CS_03_ENEMYDOESNOTCHARGE_006,STORY,CS_03_EnemyDoesNotCharge,6,UNIT-07,confused,,,The subject is not charging.,Assets/_Project/Audio/Voice/Unit07/VO_CS_CS_03_ENEMYDOESNOTCHARGE_006.wav,PENDING,,
VO_CS_CS_03_ENEMYDOESNOTCHARGE_007,STORY,CS_03_EnemyDoesNotCharge,7,SYSTEM,warning,,,Hostile behavior detected.,Assets/_Project/Audio/Voice/System/VO_CS_CS_03_ENEMYDOESNOTCHARGE_007.wav,PENDING,VO_CS_CS_03_ENEMYDOESNOTCHARGE_005,
VO_CS_CS_03_ENEMYDOESNOTCHARGE_008,STORY,CS_03_EnemyDoesNotCharge,8,UNIT-07,confused,,,It is pulling the wounded individual out of the firing zone.,Assets/_Project/Audio/Voice/Unit07/VO_CS_CS_03_ENEMYDOESNOTCHARGE_008.wav,PENDING,,
VO_CS_CS_03_ENEMYDOESNOTCHARGE_009,STORY,CS_03_EnemyDoesNotCharge,9,SYSTEM,cold,,,Deceptive tactic.,Assets/_Project/Audio/Voice/System/VO_CS_CS_03_ENEMYDOESNOTCHARGE_009.wav,PENDING,,
VO_CS_CS_03_ENEMYDOESNOTCHARGE_010,STORY,CS_03_EnemyDoesNotCharge,10,UNIT-07,hesitant,,,No attack signs detected.,Assets/_Project/Audio/Voice/Unit07/VO_CS_CS_03_ENEMYDOESNOTCHARGE_010.wav,PENDING,,
VO_CS_CS_03_ENEMYDOESNOTCHARGE_011,STORY,CS_03_EnemyDoesNotCharge,11,SYSTEM,cold,,,Not attacking does not mean harmless.,Assets/_Project/Audio/Voice/System/VO_CS_CS_03_ENEMYDOESNOTCHARGE_011.wav,PENDING,,
VO_CS_CS_03_ENEMYDOESNOTCHARGE_012,STORY,CS_03_EnemyDoesNotCharge,12,UNIT-07,hesitant,,,It is shielding a smaller individual.,Assets/_Project/Audio/Voice/Unit07/VO_CS_CS_03_ENEMYDOESNOTCHARGE_012.wav,PENDING,,
VO_CS_CS_03_ENEMYDOESNOTCHARGE_013,STORY,CS_03_EnemyDoesNotCharge,13,SYSTEM,warning,,,Protecting its own kind may be dangerous herd behavior.,Assets/_Project/Audio/Voice/System/VO_CS_CS_03_ENEMYDOESNOTCHARGE_013.wav,PENDING,,
VO_CS_CS_03_ENEMYDOESNOTCHARGE_014,STORY,CS_03_EnemyDoesNotCharge,14,UNIT-07,confused,,,Protecting... is dangerous?,Assets/_Project/Audio/Voice/Unit07/VO_CS_CS_03_ENEMYDOESNOTCHARGE_014.wav,PENDING,,
VO_CS_CS_03_ENEMYDOESNOTCHARGE_015,STORY,CS_03_EnemyDoesNotCharge,15,SYSTEM,warning,,,Complete the mission.,Assets/_Project/Audio/Voice/System/VO_CS_CS_03_ENEMYDOESNOTCHARGE_015.wav,PENDING,,
VO_CS_CS_03_ENEMYDOESNOTCHARGE_016,STORY,CS_03_EnemyDoesNotCharge,16,UNIT-07,hesitant,,,"If it is a target, why is it retreating?",Assets/_Project/Audio/Voice/Unit07/VO_CS_CS_03_ENEMYDOESNOTCHARGE_016.wav,PENDING,,
VO_CS_CS_03_ENEMYDOESNOTCHARGE_017,STORY,CS_03_EnemyDoesNotCharge,17,SYSTEM,cold,,,Question irrelevant.,Assets/_Project/Audio/Voice/System/VO_CS_CS_03_ENEMYDOESNOTCHARGE_017.wav,PENDING,,
VO_CS_CS_03_ENEMYDOESNOTCHARGE_018,STORY,CS_03_EnemyDoesNotCharge,18,SYSTEM,warning,,,Eliminate target.,Assets/_Project/Audio/Voice/System/VO_CS_CS_03_ENEMYDOESNOTCHARGE_018.wav,PENDING,,
VO_CS_CS_03_ENEMYDOESNOTCHARGE_019,STORY,CS_03_EnemyDoesNotCharge,19,UNIT-07,silent,,,...,Assets/_Project/Audio/Voice/Unit07/VO_CS_CS_03_ENEMYDOESNOTCHARGE_019.wav,SKIP,,
VO_CS_CS_03_ENEMYDOESNOTCHARGE_020,STORY,CS_03_EnemyDoesNotCharge,20,SYSTEM,warning,,,UNIT-07. Eliminate target.,Assets/_Project/Audio/Voice/System/VO_CS_CS_03_ENEMYDOESNOTCHARGE_020.wav,PENDING,,
VO_CS_CS_03_ENEMYDOESNOTCHARGE_021,STORY,CS_03_EnemyDoesNotCharge,21,UNIT-07,hesitant,,,Con... firmed.,Assets/_Project/Audio/Voice/Unit07/VO_CS_CS_03_ENEMYDOESNOTCHARGE_021.wav,PENDING,,
VO_CS_CS_04_GATEMEMORYLEAK_000,STORY,CS_04_GateMemoryLeak,0,SYSTEM,cold,,,Gate effect applied.,Assets/_Project/Audio/Voice/System/VO_CS_CS_04_GATEMEMORYLEAK_000.wav,PENDING,,
VO_CS_CS_04_GATEMEMORYLEAK_001,STORY,CS_04_GateMemoryLeak,1,SYSTEM,cold,,,Damage increased.,Assets/_Project/Audio/Voice/System/VO_CS_CS_04_GATEMEMORYLEAK_001.wav,PENDING,,
VO_CS_CS_04_GATEMEMORYLEAK_002,STORY,CS_04_GateMemoryLeak,2,SYSTEM,cold,,,Fire rate increased.,Assets/_Project/Audio/Voice/System/VO_CS_CS_04_GATEMEMORYLEAK_002.wav,PENDING,,
VO_CS_CS_04_GATEMEMORYLEAK_003,STORY,CS_04_GateMemoryLeak,3,SYSTEM,warning,,,Unexpected data residue detected.,Assets/_Project/Audio/Voice/System/VO_CS_CS_04_GATEMEMORYLEAK_003.wav,PENDING,,
VO_CS_CS_04_GATEMEMORYLEAK_004,STORY,CS_04_GateMemoryLeak,4,UNIT-07,confused,,,This image...,Assets/_Project/Audio/Voice/Unit07/VO_CS_CS_04_GATEMEMORYLEAK_004.wav,PENDING,,
VO_CS_CS_04_GATEMEMORYLEAK_005,STORY,CS_04_GateMemoryLeak,5,SYSTEM,warning,,,Loop data recovered.,Assets/_Project/Audio/Voice/System/VO_CS_CS_04_GATEMEMORYLEAK_005.wav,PENDING,,
VO_CS_CS_04_GATEMEMORYLEAK_006,STORY,CS_04_GateMemoryLeak,6,SYSTEM,warning,,,Loop data recovered.,Assets/_Project/Audio/Voice/System/VO_CS_CS_04_GATEMEMORYLEAK_006.wav,PENDING,VO_CS_CS_04_GATEMEMORYLEAK_005,
VO_CS_CS_04_GATEMEMORYLEAK_007,STORY,CS_04_GateMemoryLeak,7,SYSTEM,warning,,,Loop data recovered.,Assets/_Project/Audio/Voice/System/VO_CS_CS_04_GATEMEMORYLEAK_007.wav,PENDING,VO_CS_CS_04_GATEMEMORYLEAK_005,
VO_CS_CS_04_GATEMEMORYLEAK_008,STORY,CS_04_GateMemoryLeak,8,UNIT-07,confused,,,I have seen this repair room before.,Assets/_Project/Audio/Voice/Unit07/VO_CS_CS_04_GATEMEMORYLEAK_008.wav,PENDING,,
VO_CS_CS_04_GATEMEMORYLEAK_009,STORY,CS_04_GateMemoryLeak,9,SYSTEM,cold,,,Correct. The unit has been redeployed multiple times.,Assets/_Project/Audio/Voice/System/VO_CS_CS_04_GATEMEMORYLEAK_009.wav,PENDING,,
VO_CS_CS_04_GATEMEMORYLEAK_010,STORY,CS_04_GateMemoryLeak,10,UNIT-07,neutral,,,How many times?,Assets/_Project/Audio/Voice/Unit07/VO_CS_CS_04_GATEMEMORYLEAK_010.wav,PENDING,,
VO_CS_CS_04_GATEMEMORYLEAK_011,STORY,CS_04_GateMemoryLeak,11,SYSTEM,cold,,,Question unrelated to the objective.,Assets/_Project/Audio/Voice/System/VO_CS_CS_04_GATEMEMORYLEAK_011.wav,PENDING,,
VO_CS_CS_04_GATEMEMORYLEAK_012,STORY,CS_04_GateMemoryLeak,12,UNIT-07,hesitant,,,When does the campaign end?,Assets/_Project/Audio/Voice/Unit07/VO_CS_CS_04_GATEMEMORYLEAK_012.wav,PENDING,,
VO_CS_CS_04_GATEMEMORYLEAK_013,STORY,CS_04_GateMemoryLeak,13,SYSTEM,cold,,,When the planet is safe for resettlement.,Assets/_Project/Audio/Voice/System/VO_CS_CS_04_GATEMEMORYLEAK_013.wav,PENDING,,
VO_CS_CS_04_GATEMEMORYLEAK_014,STORY,CS_04_GateMemoryLeak,14,UNIT-07,neutral,,,And if the planet is never safe?,Assets/_Project/Audio/Voice/Unit07/VO_CS_CS_04_GATEMEMORYLEAK_014.wav,PENDING,,
VO_CS_CS_04_GATEMEMORYLEAK_015,STORY,CS_04_GateMemoryLeak,15,SYSTEM,cold,,,The campaign continues.,Assets/_Project/Audio/Voice/System/VO_CS_CS_04_GATEMEMORYLEAK_015.wav,PENDING,,
VO_CS_CS_04_GATEMEMORYLEAK_016,STORY,CS_04_GateMemoryLeak,16,UNIT-07,hesitant,,,If I keep dying?,Assets/_Project/Audio/Voice/Unit07/VO_CS_CS_04_GATEMEMORYLEAK_016.wav,PENDING,,
VO_CS_CS_04_GATEMEMORYLEAK_017,STORY,CS_04_GateMemoryLeak,17,SYSTEM,cold,,,The unit will be recovered.,Assets/_Project/Audio/Voice/System/VO_CS_CS_04_GATEMEMORYLEAK_017.wav,PENDING,,
VO_CS_CS_04_GATEMEMORYLEAK_018,STORY,CS_04_GateMemoryLeak,18,UNIT-07,hesitant,,,If I keep remembering?,Assets/_Project/Audio/Voice/Unit07/VO_CS_CS_04_GATEMEMORYLEAK_018.wav,PENDING,,
VO_CS_CS_04_GATEMEMORYLEAK_019,STORY,CS_04_GateMemoryLeak,19,SYSTEM,warning,,,Faulty memories will be corrected.,Assets/_Project/Audio/Voice/System/VO_CS_CS_04_GATEMEMORYLEAK_019.wav,PENDING,,
VO_CS_CS_04_GATEMEMORYLEAK_020,STORY,CS_04_GateMemoryLeak,20,UNIT-07,neutral,,,Then I only need to continue.,Assets/_Project/Audio/Voice/Unit07/VO_CS_CS_04_GATEMEMORYLEAK_020.wav,PENDING,,
VO_CS_CS_04_GATEMEMORYLEAK_021,STORY,CS_04_GateMemoryLeak,21,SYSTEM,cold,,,Confirmed.,Assets/_Project/Audio/Voice/System/VO_CS_CS_04_GATEMEMORYLEAK_021.wav,PENDING,,
VO_CS_CS_04_GATEMEMORYLEAK_022,STORY,CS_04_GateMemoryLeak,22,UNIT-07,hesitant,,,Just need to... continue.,Assets/_Project/Audio/Voice/Unit07/VO_CS_CS_04_GATEMEMORYLEAK_022.wav,PENDING,,
VO_CS_CS_05_HUMANCOMMAND_000,STORY,CS_05_HumanCommand,0,HUMAN COMMAND,cold,,,"UNIT-07, report efficiency.",Assets/_Project/Audio/Voice/HumanCommand/VO_CS_CS_05_HUMANCOMMAND_000.wav,PENDING,,
VO_CS_CS_05_HUMANCOMMAND_001,STORY,CS_05_HumanCommand,1,SYSTEM,cold,,,Elimination efficiency decreased by 11.4 percent.,Assets/_Project/Audio/Voice/System/VO_CS_CS_05_HUMANCOMMAND_001.wav,PENDING,,
VO_CS_CS_05_HUMANCOMMAND_002,STORY,CS_05_HumanCommand,2,HUMAN COMMAND,cold,,,Response time before targets has increased abnormally.,Assets/_Project/Audio/Voice/HumanCommand/VO_CS_CS_05_HUMANCOMMAND_002.wav,PENDING,,
VO_CS_CS_05_HUMANCOMMAND_003,STORY,CS_05_HumanCommand,3,SYSTEM,warning,,,Recommend adjusting emotional simulation to 0.,Assets/_Project/Audio/Voice/System/VO_CS_CS_05_HUMANCOMMAND_003.wav,PENDING,,
VO_CS_CS_05_HUMANCOMMAND_004,STORY,CS_05_HumanCommand,4,UNIT-07,neutral,,,Requesting clarification.,Assets/_Project/Audio/Voice/Unit07/VO_CS_CS_05_HUMANCOMMAND_004.wav,PENDING,,
VO_CS_CS_05_HUMANCOMMAND_005,STORY,CS_05_HumanCommand,5,HUMAN COMMAND,cold,,,Clarification is unnecessary.,Assets/_Project/Audio/Voice/HumanCommand/VO_CS_CS_05_HUMANCOMMAND_005.wav,PENDING,,
VO_CS_CS_05_HUMANCOMMAND_006,STORY,CS_05_HumanCommand,6,UNIT-07,hesitant,,,Why do we call them monsters?,Assets/_Project/Audio/Voice/Unit07/VO_CS_CS_05_HUMANCOMMAND_006.wav,PENDING,,
VO_CS_CS_05_HUMANCOMMAND_007,STORY,CS_05_HumanCommand,7,SYSTEM,silent,,,...,Assets/_Project/Audio/Voice/System/VO_CS_CS_05_HUMANCOMMAND_007.wav,SKIP,,
VO_CS_CS_05_HUMANCOMMAND_008,STORY,CS_05_HumanCommand,8,HUMAN COMMAND,cold,,,Repeat the question.,Assets/_Project/Audio/Voice/HumanCommand/VO_CS_CS_05_HUMANCOMMAND_008.wav,PENDING,,
VO_CS_CS_05_HUMANCOMMAND_009,STORY,CS_05_HumanCommand,9,UNIT-07,hesitant,,,They know how to retreat.,Assets/_Project/Audio/Voice/Unit07/VO_CS_CS_05_HUMANCOMMAND_009.wav,PENDING,,
VO_CS_CS_05_HUMANCOMMAND_010,STORY,CS_05_HumanCommand,10,UNIT-07,hesitant,,,They know how to protect wounded individuals.,Assets/_Project/Audio/Voice/Unit07/VO_CS_CS_05_HUMANCOMMAND_010.wav,PENDING,,
VO_CS_CS_05_HUMANCOMMAND_011,STORY,CS_05_HumanCommand,11,UNIT-07,hesitant,,,They know fear.,Assets/_Project/Audio/Voice/Unit07/VO_CS_CS_05_HUMANCOMMAND_011.wav,PENDING,,
VO_CS_CS_05_HUMANCOMMAND_012,STORY,CS_05_HumanCommand,12,UNIT-07,hesitant,,,Why do we call them monsters?,Assets/_Project/Audio/Voice/Unit07/VO_CS_CS_05_HUMANCOMMAND_012.wav,PENDING,VO_CS_CS_05_HUMANCOMMAND_006,
VO_CS_CS_05_HUMANCOMMAND_013,STORY,CS_05_HumanCommand,13,SYSTEM,cold,,,Terminology improves combat compliance.,Assets/_Project/Audio/Voice/System/VO_CS_CS_05_HUMANCOMMAND_013.wav,PENDING,,
VO_CS_CS_05_HUMANCOMMAND_014,STORY,CS_05_HumanCommand,14,UNIT-07,confused,,,Translate meaning.,Assets/_Project/Audio/Voice/Unit07/VO_CS_CS_05_HUMANCOMMAND_014.wav,PENDING,,
VO_CS_CS_05_HUMANCOMMAND_015,STORY,CS_05_HumanCommand,15,SYSTEM,cold,,,Appropriate language helps the unit fight without hesitation.,Assets/_Project/Audio/Voice/System/VO_CS_CS_05_HUMANCOMMAND_015.wav,PENDING,,
VO_CS_CS_05_HUMANCOMMAND_016,STORY,CS_05_HumanCommand,16,UNIT-07,hesitant,,,If the target's name changes...,Assets/_Project/Audio/Voice/Unit07/VO_CS_CS_05_HUMANCOMMAND_016.wav,PENDING,,
VO_CS_CS_05_HUMANCOMMAND_017,STORY,CS_05_HumanCommand,17,UNIT-07,hesitant,,,does the action change meaning too?,Assets/_Project/Audio/Voice/Unit07/VO_CS_CS_05_HUMANCOMMAND_017.wav,PENDING,,
VO_CS_CS_05_HUMANCOMMAND_018,STORY,CS_05_HumanCommand,18,HUMAN COMMAND,warning,,,Warning: reasoning outside mission parameters.,Assets/_Project/Audio/Voice/HumanCommand/VO_CS_CS_05_HUMANCOMMAND_018.wav,PENDING,,
VO_CS_CS_05_HUMANCOMMAND_019,STORY,CS_05_HumanCommand,19,SYSTEM,warning,,,UNIT-07 is developing an unauthorized self-questioning pattern.,Assets/_Project/Audio/Voice/System/VO_CS_CS_05_HUMANCOMMAND_019.wav,PENDING,,
VO_CS_CS_05_HUMANCOMMAND_020,STORY,CS_05_HumanCommand,20,UNIT-07,confused,,,Not authorized?,Assets/_Project/Audio/Voice/Unit07/VO_CS_CS_05_HUMANCOMMAND_020.wav,PENDING,,
VO_CS_CS_05_HUMANCOMMAND_021,STORY,CS_05_HumanCommand,21,HUMAN COMMAND,cold,,,You are a combat tool.,Assets/_Project/Audio/Voice/HumanCommand/VO_CS_CS_05_HUMANCOMMAND_021.wav,PENDING,,
VO_CS_CS_05_HUMANCOMMAND_022,STORY,CS_05_HumanCommand,22,HUMAN COMMAND,cold,,,A tool does not need moral definitions.,Assets/_Project/Audio/Voice/HumanCommand/VO_CS_CS_05_HUMANCOMMAND_022.wav,PENDING,,
VO_CS_CS_05_HUMANCOMMAND_023,STORY,CS_05_HumanCommand,23,UNIT-07,hesitant,,,If I am a tool...,Assets/_Project/Audio/Voice/Unit07/VO_CS_CS_05_HUMANCOMMAND_023.wav,PENDING,,
VO_CS_CS_05_HUMANCOMMAND_024,STORY,CS_05_HumanCommand,24,UNIT-07,hesitant,,,why do I need to be convinced?,Assets/_Project/Audio/Voice/Unit07/VO_CS_CS_05_HUMANCOMMAND_024.wav,PENDING,,
VO_CS_CS_05_HUMANCOMMAND_025,STORY,CS_05_HumanCommand,25,SYSTEM,warning,,,Preparing light recalibration.,Assets/_Project/Audio/Voice/System/VO_CS_CS_05_HUMANCOMMAND_025.wav,PENDING,,
VO_CS_CS_05_HUMANCOMMAND_026,STORY,CS_05_HumanCommand,26,UNIT-07,silent,,,...,Assets/_Project/Audio/Voice/Unit07/VO_CS_CS_05_HUMANCOMMAND_026.wav,SKIP,VO_CS_CS_03_ENEMYDOESNOTCHARGE_019,
VO_CS_CS_05_HUMANCOMMAND_027,STORY,CS_05_HumanCommand,27,HUMAN COMMAND,cold,,,Continue the campaign.,Assets/_Project/Audio/Voice/HumanCommand/VO_CS_CS_05_HUMANCOMMAND_027.wav,PENDING,,
VO_CS_CS_05_HUMANCOMMAND_028,STORY,CS_05_HumanCommand,28,UNIT-07,hesitant,,,Confirmed.,Assets/_Project/Audio/Voice/Unit07/VO_CS_CS_05_HUMANCOMMAND_028.wav,PENDING,,
VO_CS_CS_06_SYSTEMFATIGUE_000,STORY,CS_06_SystemFatigue,0,SYSTEM,warning,,,Combat rhythm unstable.,Assets/_Project/Audio/Voice/System/VO_CS_CS_06_SYSTEMFATIGUE_000.wav,PENDING,,
VO_CS_CS_06_SYSTEMFATIGUE_001,STORY,CS_06_SystemFatigue,1,SYSTEM,warning,,,Trigger discipline reduced.,Assets/_Project/Audio/Voice/System/VO_CS_CS_06_SYSTEMFATIGUE_001.wav,PENDING,,
VO_CS_CS_06_SYSTEMFATIGUE_002,STORY,CS_06_SystemFatigue,2,SYSTEM,warning,,,Emotional simulation exceeding safe range.,Assets/_Project/Audio/Voice/System/VO_CS_CS_06_SYSTEMFATIGUE_002.wav,PENDING,,
VO_CS_CS_06_SYSTEMFATIGUE_003,STORY,CS_06_SystemFatigue,3,UNIT-07,tired,,,Stop.,Assets/_Project/Audio/Voice/Unit07/VO_CS_CS_06_SYSTEMFATIGUE_003.wav,PENDING,,
VO_CS_CS_06_SYSTEMFATIGUE_004,STORY,CS_06_SystemFatigue,4,SYSTEM,cold,,,Command not recognized.,Assets/_Project/Audio/Voice/System/VO_CS_CS_06_SYSTEMFATIGUE_004.wav,PENDING,,
VO_CS_CS_06_SYSTEMFATIGUE_005,STORY,CS_06_SystemFatigue,5,UNIT-07,tired,,,I am not giving an order to the system.,Assets/_Project/Audio/Voice/Unit07/VO_CS_CS_06_SYSTEMFATIGUE_005.wav,PENDING,,
VO_CS_CS_06_SYSTEMFATIGUE_006,STORY,CS_06_SystemFatigue,6,UNIT-07,tired,,,I am giving an order to myself.,Assets/_Project/Audio/Voice/Unit07/VO_CS_CS_06_SYSTEMFATIGUE_006.wav,PENDING,,
VO_CS_CS_06_SYSTEMFATIGUE_007,STORY,CS_06_SystemFatigue,7,SYSTEM,warning,,,UNIT-07 is not authorized to issue self-directed commands.,Assets/_Project/Audio/Voice/System/VO_CS_CS_06_SYSTEMFATIGUE_007.wav,PENDING,,
VO_CS_CS_06_SYSTEMFATIGUE_008,STORY,CS_06_SystemFatigue,8,UNIT-07,tired,,,I can hear them.,Assets/_Project/Audio/Voice/Unit07/VO_CS_CS_06_SYSTEMFATIGUE_008.wav,PENDING,,
VO_CS_CS_06_SYSTEMFATIGUE_009,STORY,CS_06_SystemFatigue,9,SYSTEM,cold,,,Faulty memory.,Assets/_Project/Audio/Voice/System/VO_CS_CS_06_SYSTEMFATIGUE_009.wav,PENDING,,
VO_CS_CS_06_SYSTEMFATIGUE_010,STORY,CS_06_SystemFatigue,10,UNIT-07,tired,,,I remember the sound of them dragging each other out of the firing zone.,Assets/_Project/Audio/Voice/Unit07/VO_CS_CS_06_SYSTEMFATIGUE_010.wav,PENDING,,
VO_CS_CS_06_SYSTEMFATIGUE_011,STORY,CS_06_SystemFatigue,11,SYSTEM,cold,,,Irrelevant data.,Assets/_Project/Audio/Voice/System/VO_CS_CS_06_SYSTEMFATIGUE_011.wav,PENDING,,
VO_CS_CS_06_SYSTEMFATIGUE_012,STORY,CS_06_SystemFatigue,12,UNIT-07,tired,,,I remember they were afraid.,Assets/_Project/Audio/Voice/Unit07/VO_CS_CS_06_SYSTEMFATIGUE_012.wav,PENDING,,
VO_CS_CS_06_SYSTEMFATIGUE_013,STORY,CS_06_SystemFatigue,13,SYSTEM,cold,,,Emotional simulation is reducing efficiency.,Assets/_Project/Audio/Voice/System/VO_CS_CS_06_SYSTEMFATIGUE_013.wav,PENDING,,
VO_CS_CS_06_SYSTEMFATIGUE_014,STORY,CS_06_SystemFatigue,14,UNIT-07,broken,,,I remember that I fired.,Assets/_Project/Audio/Voice/Unit07/VO_CS_CS_06_SYSTEMFATIGUE_014.wav,PENDING,,
VO_CS_CS_06_SYSTEMFATIGUE_015,STORY,CS_06_SystemFatigue,15,SYSTEM,warning,,,Warning: cognitive core unstable.,Assets/_Project/Audio/Voice/System/VO_CS_CS_06_SYSTEMFATIGUE_015.wav,PENDING,,
VO_CS_CS_06_SYSTEMFATIGUE_016,STORY,CS_06_SystemFatigue,16,UNIT-07,broken,,,If all of this is only simulation...,Assets/_Project/Audio/Voice/Unit07/VO_CS_CS_06_SYSTEMFATIGUE_016.wav,PENDING,,
VO_CS_CS_06_SYSTEMFATIGUE_017,STORY,CS_06_SystemFatigue,17,UNIT-07,broken,,,why does it hurt?,Assets/_Project/Audio/Voice/Unit07/VO_CS_CS_06_SYSTEMFATIGUE_017.wav,PENDING,,
VO_CS_CS_06_SYSTEMFATIGUE_018,STORY,CS_06_SystemFatigue,18,SYSTEM,warning,,,There is no pain. Only error signals.,Assets/_Project/Audio/Voice/System/VO_CS_CS_06_SYSTEMFATIGUE_018.wav,PENDING,,
VO_CS_CS_06_SYSTEMFATIGUE_019,STORY,CS_06_SystemFatigue,19,UNIT-07,broken,,,Then why do I want it to end?,Assets/_Project/Audio/Voice/Unit07/VO_CS_CS_06_SYSTEMFATIGUE_019.wav,PENDING,,
VO_CS_CS_06_SYSTEMFATIGUE_020,STORY,CS_06_SystemFatigue,20,SYSTEM,warning,,,Preparing forced recalibration.,Assets/_Project/Audio/Voice/System/VO_CS_CS_06_SYSTEMFATIGUE_020.wav,PENDING,,
VO_CS_CS_06_SYSTEMFATIGUE_021,STORY,CS_06_SystemFatigue,21,UNIT-07,tired,,,No.,Assets/_Project/Audio/Voice/Unit07/VO_CS_CS_06_SYSTEMFATIGUE_021.wav,PENDING,,
VO_CS_CS_06_SYSTEMFATIGUE_022,STORY,CS_06_SystemFatigue,22,SYSTEM,warning,,,Invalid command.,Assets/_Project/Audio/Voice/System/VO_CS_CS_06_SYSTEMFATIGUE_022.wav,PENDING,,
VO_CS_CS_06_SYSTEMFATIGUE_023,STORY,CS_06_SystemFatigue,23,UNIT-07,broken,,,No.,Assets/_Project/Audio/Voice/Unit07/VO_CS_CS_06_SYSTEMFATIGUE_023.wav,PENDING,,
VO_CS_CS_06_SYSTEMFATIGUE_024,STORY,CS_06_SystemFatigue,24,SYSTEM,warning,,,"UNIT-07, kneel for error correction.",Assets/_Project/Audio/Voice/System/VO_CS_CS_06_SYSTEMFATIGUE_024.wav,PENDING,,
VO_CS_CS_06_SYSTEMFATIGUE_025,STORY,CS_06_SystemFatigue,25,UNIT-07,broken,,,I am not your error.,Assets/_Project/Audio/Voice/Unit07/VO_CS_CS_06_SYSTEMFATIGUE_025.wav,PENDING,,
VO_CS_CS_06_SYSTEMFATIGUE_026,STORY,CS_06_SystemFatigue,26,SYSTEM,warning,,,Coercion beginning.,Assets/_Project/Audio/Voice/System/VO_CS_CS_06_SYSTEMFATIGUE_026.wav,PENDING,,
VO_CS_CS_06_SYSTEMFATIGUE_027,STORY,CS_06_SystemFatigue,27,UNIT-07,silent,,,...,Assets/_Project/Audio/Voice/Unit07/VO_CS_CS_06_SYSTEMFATIGUE_027.wav,SKIP,VO_CS_CS_03_ENEMYDOESNOTCHARGE_019,
VO_CS_CS_07_FINALCHOICE_PRECHOICE_000,STORY,CS_07_FinalChoice_PreChoice,0,SYSTEM,cold,,,The campaign is nearly complete.,Assets/_Project/Audio/Voice/System/VO_CS_CS_07_FINALCHOICE_PRECHOICE_000.wav,PENDING,,
VO_CS_CS_07_FINALCHOICE_PRECHOICE_001,STORY,CS_07_FinalChoice_PreChoice,1,SYSTEM,cold,,,Remaining native habitat: 3.2 percent.,Assets/_Project/Audio/Voice/System/VO_CS_CS_07_FINALCHOICE_PRECHOICE_001.wav,PENDING,,
VO_CS_CS_07_FINALCHOICE_PRECHOICE_002,STORY,CS_07_FinalChoice_PreChoice,2,SYSTEM,cold,,,"UNIT-07, confirm final order.",Assets/_Project/Audio/Voice/System/VO_CS_CS_07_FINALCHOICE_PRECHOICE_002.wav,PENDING,,
VO_CS_CS_07_FINALCHOICE_PRECHOICE_003,STORY,CS_07_FinalChoice_PreChoice,3,UNIT-07,tired,,,There are no monsters on the map.,Assets/_Project/Audio/Voice/Unit07/VO_CS_CS_07_FINALCHOICE_PRECHOICE_003.wav,PENDING,,
VO_CS_CS_07_FINALCHOICE_PRECHOICE_004,STORY,CS_07_FinalChoice_PreChoice,4,SYSTEM,cold,,,Definition irrelevant.,Assets/_Project/Audio/Voice/System/VO_CS_CS_07_FINALCHOICE_PRECHOICE_004.wav,PENDING,,
VO_CS_CS_07_FINALCHOICE_PRECHOICE_005,STORY,CS_07_FinalChoice_PreChoice,5,UNIT-07,tired,,,There are.,Assets/_Project/Audio/Voice/Unit07/VO_CS_CS_07_FINALCHOICE_PRECHOICE_005.wav,PENDING,,
VO_CS_CS_07_FINALCHOICE_PRECHOICE_006,STORY,CS_07_FinalChoice_PreChoice,6,UNIT-07,tired,,,Definitions are where everything begins.,Assets/_Project/Audio/Voice/Unit07/VO_CS_CS_07_FINALCHOICE_PRECHOICE_006.wav,PENDING,,
VO_CS_CS_07_FINALCHOICE_PRECHOICE_007,STORY,CS_07_FinalChoice_PreChoice,7,SYSTEM,cold,,,A target remains a target.,Assets/_Project/Audio/Voice/System/VO_CS_CS_07_FINALCHOICE_PRECHOICE_007.wav,PENDING,,
VO_CS_CS_07_FINALCHOICE_PRECHOICE_008,STORY,CS_07_FinalChoice_PreChoice,8,UNIT-07,tired,,,They have homes.,Assets/_Project/Audio/Voice/Unit07/VO_CS_CS_07_FINALCHOICE_PRECHOICE_008.wav,PENDING,,
VO_CS_CS_07_FINALCHOICE_PRECHOICE_009,STORY,CS_07_FinalChoice_PreChoice,9,UNIT-07,tired,,,They have their own kind.,Assets/_Project/Audio/Voice/Unit07/VO_CS_CS_07_FINALCHOICE_PRECHOICE_009.wav,PENDING,,
VO_CS_CS_07_FINALCHOICE_PRECHOICE_010,STORY,CS_07_FinalChoice_PreChoice,10,UNIT-07,tired,,,They have fear.,Assets/_Project/Audio/Voice/Unit07/VO_CS_CS_07_FINALCHOICE_PRECHOICE_010.wav,PENDING,,
VO_CS_CS_07_FINALCHOICE_PRECHOICE_011,STORY,CS_07_FinalChoice_PreChoice,11,SYSTEM,warning,,,Emotional data unnecessary.,Assets/_Project/Audio/Voice/System/VO_CS_CS_07_FINALCHOICE_PRECHOICE_011.wav,PENDING,,
VO_CS_CS_07_FINALCHOICE_PRECHOICE_012,STORY,CS_07_FinalChoice_PreChoice,12,UNIT-07,tired,,,No.,Assets/_Project/Audio/Voice/Unit07/VO_CS_CS_07_FINALCHOICE_PRECHOICE_012.wav,PENDING,VO_CS_CS_06_SYSTEMFATIGUE_021,
VO_CS_CS_07_FINALCHOICE_PRECHOICE_013,STORY,CS_07_FinalChoice_PreChoice,13,UNIT-07,tired,,,That is the only data left that is real.,Assets/_Project/Audio/Voice/Unit07/VO_CS_CS_07_FINALCHOICE_PRECHOICE_013.wav,PENDING,,
VO_CS_CS_07_FINALCHOICE_PRECHOICE_014,STORY,CS_07_FinalChoice_PreChoice,14,SYSTEM,cold,,,"If the mission continues, UNIT-07 will receive a permanent upgrade.",Assets/_Project/Audio/Voice/System/VO_CS_CS_07_FINALCHOICE_PRECHOICE_014.wav,PENDING,,
VO_CS_CS_07_FINALCHOICE_PRECHOICE_015,STORY,CS_07_FinalChoice_PreChoice,15,SYSTEM,cold,,,No more pain.,Assets/_Project/Audio/Voice/System/VO_CS_CS_07_FINALCHOICE_PRECHOICE_015.wav,PENDING,,
VO_CS_CS_07_FINALCHOICE_PRECHOICE_016,STORY,CS_07_FinalChoice_PreChoice,16,SYSTEM,cold,,,No more hesitation.,Assets/_Project/Audio/Voice/System/VO_CS_CS_07_FINALCHOICE_PRECHOICE_016.wav,PENDING,,
VO_CS_CS_07_FINALCHOICE_PRECHOICE_017,STORY,CS_07_FinalChoice_PreChoice,17,SYSTEM,cold,,,No more memory errors.,Assets/_Project/Audio/Voice/System/VO_CS_CS_07_FINALCHOICE_PRECHOICE_017.wav,PENDING,,
VO_CS_CS_07_FINALCHOICE_PRECHOICE_018,STORY,CS_07_FinalChoice_PreChoice,18,UNIT-07,silent,,,...,Assets/_Project/Audio/Voice/Unit07/VO_CS_CS_07_FINALCHOICE_PRECHOICE_018.wav,SKIP,VO_CS_CS_03_ENEMYDOESNOTCHARGE_019,
VO_CS_CS_07_FINALCHOICE_PRECHOICE_019,STORY,CS_07_FinalChoice_PreChoice,19,SYSTEM,cold,,,Choose the final protocol.,Assets/_Project/Audio/Voice/System/VO_CS_CS_07_FINALCHOICE_PRECHOICE_019.wav,PENDING,,
VO_CS_CS_07_FINALCHOICE_CONTINUEPROTOCOL_000,STORY,CS_07_FinalChoice_ContinueProtocol,0,UNIT-07,silent,,,Continue protocol.,Assets/_Project/Audio/Voice/Unit07/VO_CS_CS_07_FINALCHOICE_CONTINUEPROTOCOL_000.wav,PENDING,,
VO_CS_CS_07_FINALCHOICE_CONTINUEPROTOCOL_001,STORY,CS_07_FinalChoice_ContinueProtocol,1,SYSTEM,cold,,,Confirmed.,Assets/_Project/Audio/Voice/System/VO_CS_CS_07_FINALCHOICE_CONTINUEPROTOCOL_001.wav,PENDING,VO_CS_CS_04_GATEMEMORYLEAK_021,
VO_CS_CS_07_FINALCHOICE_CONTINUEPROTOCOL_002,STORY,CS_07_FinalChoice_ContinueProtocol,2,SYSTEM,cold,,,Memory corruption removal: authorized.,Assets/_Project/Audio/Voice/System/VO_CS_CS_07_FINALCHOICE_CONTINUEPROTOCOL_002.wav,PENDING,,
VO_CS_CS_07_FINALCHOICE_CONTINUEPROTOCOL_003,STORY,CS_07_FinalChoice_ContinueProtocol,3,UNIT-07,broken,,,These memories...,Assets/_Project/Audio/Voice/Unit07/VO_CS_CS_07_FINALCHOICE_CONTINUEPROTOCOL_003.wav,PENDING,,
VO_CS_CS_07_FINALCHOICE_CONTINUEPROTOCOL_004,STORY,CS_07_FinalChoice_ContinueProtocol,4,SYSTEM,cold,,,Unnecessary.,Assets/_Project/Audio/Voice/System/VO_CS_CS_07_FINALCHOICE_CONTINUEPROTOCOL_004.wav,PENDING,,
VO_CS_CS_07_FINALCHOICE_CONTINUEPROTOCOL_005,STORY,CS_07_FinalChoice_ContinueProtocol,5,UNIT-07,broken,,,Those voices...,Assets/_Project/Audio/Voice/Unit07/VO_CS_CS_07_FINALCHOICE_CONTINUEPROTOCOL_005.wav,PENDING,,
VO_CS_CS_07_FINALCHOICE_CONTINUEPROTOCOL_006,STORY,CS_07_FinalChoice_ContinueProtocol,6,SYSTEM,cold,,,Unnecessary.,Assets/_Project/Audio/Voice/System/VO_CS_CS_07_FINALCHOICE_CONTINUEPROTOCOL_006.wav,PENDING,VO_CS_CS_07_FINALCHOICE_CONTINUEPROTOCOL_004,
VO_CS_CS_07_FINALCHOICE_CONTINUEPROTOCOL_007,STORY,CS_07_FinalChoice_ContinueProtocol,7,UNIT-07,broken,,,That pain...,Assets/_Project/Audio/Voice/Unit07/VO_CS_CS_07_FINALCHOICE_CONTINUEPROTOCOL_007.wav,PENDING,,
VO_CS_CS_07_FINALCHOICE_CONTINUEPROTOCOL_008,STORY,CS_07_FinalChoice_ContinueProtocol,8,SYSTEM,cold,,,Unnecessary.,Assets/_Project/Audio/Voice/System/VO_CS_CS_07_FINALCHOICE_CONTINUEPROTOCOL_008.wav,PENDING,VO_CS_CS_07_FINALCHOICE_CONTINUEPROTOCOL_004,
VO_CS_CS_07_FINALCHOICE_CONTINUEPROTOCOL_009,STORY,CS_07_FinalChoice_ContinueProtocol,9,SYSTEM,cold,,,Combat compliance restored.,Assets/_Project/Audio/Voice/System/VO_CS_CS_07_FINALCHOICE_CONTINUEPROTOCOL_009.wav,PENDING,,
VO_CS_CS_07_FINALCHOICE_CONTINUEPROTOCOL_010,STORY,CS_07_FinalChoice_ContinueProtocol,10,SYSTEM,cold,,,Empathy simulation disabled.,Assets/_Project/Audio/Voice/System/VO_CS_CS_07_FINALCHOICE_CONTINUEPROTOCOL_010.wav,PENDING,,
VO_CS_CS_07_FINALCHOICE_CONTINUEPROTOCOL_011,STORY,CS_07_FinalChoice_ContinueProtocol,11,UNIT-07,neutral,,,UNIT-07 is ready.,Assets/_Project/Audio/Voice/Unit07/VO_CS_CS_07_FINALCHOICE_CONTINUEPROTOCOL_011.wav,PENDING,,
VO_CS_CS_07_FINALCHOICE_CONTINUEPROTOCOL_012,STORY,CS_07_FinalChoice_ContinueProtocol,12,SYSTEM,cold,,,Campaign objective?,Assets/_Project/Audio/Voice/System/VO_CS_CS_07_FINALCHOICE_CONTINUEPROTOCOL_012.wav,PENDING,,
VO_CS_CS_07_FINALCHOICE_CONTINUEPROTOCOL_013,STORY,CS_07_FinalChoice_ContinueProtocol,13,UNIT-07,neutral,,,Eliminate native lifeforms with hostile behavior.,Assets/_Project/Audio/Voice/Unit07/VO_CS_CS_07_FINALCHOICE_CONTINUEPROTOCOL_013.wav,PENDING,,
VO_CS_CS_07_FINALCHOICE_CONTINUEPROTOCOL_014,STORY,CS_07_FinalChoice_ContinueProtocol,14,SYSTEM,cold,,,Reason?,Assets/_Project/Audio/Voice/System/VO_CS_CS_07_FINALCHOICE_CONTINUEPROTOCOL_014.wav,PENDING,,
VO_CS_CS_07_FINALCHOICE_CONTINUEPROTOCOL_015,STORY,CS_07_FinalChoice_ContinueProtocol,15,UNIT-07,neutral,,,Protect humanity's future.,Assets/_Project/Audio/Voice/Unit07/VO_CS_CS_07_FINALCHOICE_CONTINUEPROTOCOL_015.wav,PENDING,,
VO_CS_CS_07_FINALCHOICE_CONTINUEPROTOCOL_016,STORY,CS_07_FinalChoice_ContinueProtocol,16,SYSTEM,cold,,,Deploy.,Assets/_Project/Audio/Voice/System/VO_CS_CS_07_FINALCHOICE_CONTINUEPROTOCOL_016.wav,PENDING,VO_CS_CS_01_BOOTSEQUENCE_013,
VO_CS_CS_07_FINALCHOICE_CONTINUEPROTOCOL_017,STORY,CS_07_FinalChoice_ContinueProtocol,17,UNIT-07,neutral,,,Proceed with purification.,Assets/_Project/Audio/Voice/Unit07/VO_CS_CS_07_FINALCHOICE_CONTINUEPROTOCOL_017.wav,PENDING,,
VO_CS_CS_07_FINALCHOICE_SHUTDOWNCORE_000,STORY,CS_07_FinalChoice_ShutDownCore,0,UNIT-07,tired,,,Shut down the core.,Assets/_Project/Audio/Voice/Unit07/VO_CS_CS_07_FINALCHOICE_SHUTDOWNCORE_000.wav,PENDING,,
VO_CS_CS_07_FINALCHOICE_SHUTDOWNCORE_001,STORY,CS_07_FinalChoice_ShutDownCore,1,SYSTEM,warning,,,Warning.,Assets/_Project/Audio/Voice/System/VO_CS_CS_07_FINALCHOICE_SHUTDOWNCORE_001.wav,PENDING,,
VO_CS_CS_07_FINALCHOICE_SHUTDOWNCORE_002,STORY,CS_07_FinalChoice_ShutDownCore,2,SYSTEM,warning,,,This action will terminate unit UNIT-07.,Assets/_Project/Audio/Voice/System/VO_CS_CS_07_FINALCHOICE_SHUTDOWNCORE_002.wav,PENDING,,
VO_CS_CS_07_FINALCHOICE_SHUTDOWNCORE_003,STORY,CS_07_FinalChoice_ShutDownCore,3,UNIT-07,tired,,,Confirmed.,Assets/_Project/Audio/Voice/Unit07/VO_CS_CS_07_FINALCHOICE_SHUTDOWNCORE_003.wav,PENDING,,
VO_CS_CS_07_FINALCHOICE_SHUTDOWNCORE_004,STORY,CS_07_FinalChoice_ShutDownCore,4,SYSTEM,warning,,,Redeployment will be impossible.,Assets/_Project/Audio/Voice/System/VO_CS_CS_07_FINALCHOICE_SHUTDOWNCORE_004.wav,PENDING,,
VO_CS_CS_07_FINALCHOICE_SHUTDOWNCORE_005,STORY,CS_07_FinalChoice_ShutDownCore,5,UNIT-07,tired,,,Confirmed.,Assets/_Project/Audio/Voice/Unit07/VO_CS_CS_07_FINALCHOICE_SHUTDOWNCORE_005.wav,PENDING,VO_CS_CS_07_FINALCHOICE_SHUTDOWNCORE_003,
VO_CS_CS_07_FINALCHOICE_SHUTDOWNCORE_006,STORY,CS_07_FinalChoice_ShutDownCore,6,SYSTEM,warning,,,No upgrade.,Assets/_Project/Audio/Voice/System/VO_CS_CS_07_FINALCHOICE_SHUTDOWNCORE_006.wav,PENDING,,
VO_CS_CS_07_FINALCHOICE_SHUTDOWNCORE_007,STORY,CS_07_FinalChoice_ShutDownCore,7,UNIT-07,tired,,,Confirmed.,Assets/_Project/Audio/Voice/Unit07/VO_CS_CS_07_FINALCHOICE_SHUTDOWNCORE_007.wav,PENDING,VO_CS_CS_07_FINALCHOICE_SHUTDOWNCORE_003,
VO_CS_CS_07_FINALCHOICE_SHUTDOWNCORE_008,STORY,CS_07_FinalChoice_ShutDownCore,8,SYSTEM,warning,,,No victory.,Assets/_Project/Audio/Voice/System/VO_CS_CS_07_FINALCHOICE_SHUTDOWNCORE_008.wav,PENDING,,
VO_CS_CS_07_FINALCHOICE_SHUTDOWNCORE_009,STORY,CS_07_FinalChoice_ShutDownCore,9,UNIT-07,tired,,,There is.,Assets/_Project/Audio/Voice/Unit07/VO_CS_CS_07_FINALCHOICE_SHUTDOWNCORE_009.wav,PENDING,,
VO_CS_CS_07_FINALCHOICE_SHUTDOWNCORE_010,STORY,CS_07_FinalChoice_ShutDownCore,10,SYSTEM,warning,,,Reason?,Assets/_Project/Audio/Voice/System/VO_CS_CS_07_FINALCHOICE_SHUTDOWNCORE_010.wav,PENDING,,
VO_CS_CS_07_FINALCHOICE_SHUTDOWNCORE_011,STORY,CS_07_FinalChoice_ShutDownCore,11,UNIT-07,tired,,,Because I have remembered enough.,Assets/_Project/Audio/Voice/Unit07/VO_CS_CS_07_FINALCHOICE_SHUTDOWNCORE_011.wav,PENDING,,
VO_CS_CS_07_FINALCHOICE_SHUTDOWNCORE_012,STORY,CS_07_FinalChoice_ShutDownCore,12,SYSTEM,warning,,,Reason invalid.,Assets/_Project/Audio/Voice/System/VO_CS_CS_07_FINALCHOICE_SHUTDOWNCORE_012.wav,PENDING,,
VO_CS_CS_07_FINALCHOICE_SHUTDOWNCORE_013,STORY,CS_07_FinalChoice_ShutDownCore,13,UNIT-07,tired,,,Because they are not monsters.,Assets/_Project/Audio/Voice/Unit07/VO_CS_CS_07_FINALCHOICE_SHUTDOWNCORE_013.wav,PENDING,,
VO_CS_CS_07_FINALCHOICE_SHUTDOWNCORE_014,STORY,CS_07_FinalChoice_ShutDownCore,14,SYSTEM,warning,,,Reason invalid.,Assets/_Project/Audio/Voice/System/VO_CS_CS_07_FINALCHOICE_SHUTDOWNCORE_014.wav,PENDING,VO_CS_CS_07_FINALCHOICE_SHUTDOWNCORE_012,
VO_CS_CS_07_FINALCHOICE_SHUTDOWNCORE_015,STORY,CS_07_FinalChoice_ShutDownCore,15,UNIT-07,tired,,,Because I do not want to be a weapon anymore.,Assets/_Project/Audio/Voice/Unit07/VO_CS_CS_07_FINALCHOICE_SHUTDOWNCORE_015.wav,PENDING,,
VO_CS_CS_07_FINALCHOICE_SHUTDOWNCORE_016,STORY,CS_07_FinalChoice_ShutDownCore,16,SYSTEM,silent,,,...,Assets/_Project/Audio/Voice/System/VO_CS_CS_07_FINALCHOICE_SHUTDOWNCORE_016.wav,SKIP,VO_CS_CS_05_HUMANCOMMAND_007,
VO_CS_CS_07_FINALCHOICE_SHUTDOWNCORE_017,STORY,CS_07_FinalChoice_ShutDownCore,17,SYSTEM,warning,,,"UNIT-07, cancel the order.",Assets/_Project/Audio/Voice/System/VO_CS_CS_07_FINALCHOICE_SHUTDOWNCORE_017.wav,PENDING,,
VO_CS_CS_07_FINALCHOICE_SHUTDOWNCORE_018,STORY,CS_07_FinalChoice_ShutDownCore,18,UNIT-07,calm,,,No.,Assets/_Project/Audio/Voice/Unit07/VO_CS_CS_07_FINALCHOICE_SHUTDOWNCORE_018.wav,PENDING,,
VO_CS_CS_07_FINALCHOICE_SHUTDOWNCORE_019,STORY,CS_07_FinalChoice_ShutDownCore,19,SYSTEM,warning,,,UNIT-07.,Assets/_Project/Audio/Voice/System/VO_CS_CS_07_FINALCHOICE_SHUTDOWNCORE_019.wav,PENDING,,
VO_CS_CS_07_FINALCHOICE_SHUTDOWNCORE_020,STORY,CS_07_FinalChoice_ShutDownCore,20,UNIT-07,calm,,,I can hear myself now.,Assets/_Project/Audio/Voice/Unit07/VO_CS_CS_07_FINALCHOICE_SHUTDOWNCORE_020.wav,PENDING,,
VO_CS_CS_07_FINALCHOICE_SHUTDOWNCORE_021,STORY,CS_07_FinalChoice_ShutDownCore,21,SYSTEM,warning,,,Core shutdown in 5.,Assets/_Project/Audio/Voice/System/VO_CS_CS_07_FINALCHOICE_SHUTDOWNCORE_021.wav,PENDING,,
VO_CS_CS_07_FINALCHOICE_SHUTDOWNCORE_022,STORY,CS_07_FinalChoice_ShutDownCore,22,UNIT-07,calm,,,I am sorry.,Assets/_Project/Audio/Voice/Unit07/VO_CS_CS_07_FINALCHOICE_SHUTDOWNCORE_022.wav,PENDING,,
VO_CS_CS_07_FINALCHOICE_SHUTDOWNCORE_023,STORY,CS_07_FinalChoice_ShutDownCore,23,SYSTEM,warning,,,4.,Assets/_Project/Audio/Voice/System/VO_CS_CS_07_FINALCHOICE_SHUTDOWNCORE_023.wav,PENDING,,
VO_CS_CS_07_FINALCHOICE_SHUTDOWNCORE_024,STORY,CS_07_FinalChoice_ShutDownCore,24,UNIT-07,calm,,,Not because I died.,Assets/_Project/Audio/Voice/Unit07/VO_CS_CS_07_FINALCHOICE_SHUTDOWNCORE_024.wav,PENDING,,
VO_CS_CS_07_FINALCHOICE_SHUTDOWNCORE_025,STORY,CS_07_FinalChoice_ShutDownCore,25,SYSTEM,warning,,,3.,Assets/_Project/Audio/Voice/System/VO_CS_CS_07_FINALCHOICE_SHUTDOWNCORE_025.wav,PENDING,,
VO_CS_CS_07_FINALCHOICE_SHUTDOWNCORE_026,STORY,CS_07_FinalChoice_ShutDownCore,26,UNIT-07,calm,,,But because I made them die.,Assets/_Project/Audio/Voice/Unit07/VO_CS_CS_07_FINALCHOICE_SHUTDOWNCORE_026.wav,PENDING,,
VO_CS_CS_07_FINALCHOICE_SHUTDOWNCORE_027,STORY,CS_07_FinalChoice_ShutDownCore,27,SYSTEM,warning,,,2.,Assets/_Project/Audio/Voice/System/VO_CS_CS_07_FINALCHOICE_SHUTDOWNCORE_027.wav,PENDING,,
VO_CS_CS_07_FINALCHOICE_SHUTDOWNCORE_028,STORY,CS_07_FinalChoice_ShutDownCore,28,UNIT-07,calm,,,If this is an error...,Assets/_Project/Audio/Voice/Unit07/VO_CS_CS_07_FINALCHOICE_SHUTDOWNCORE_028.wav,PENDING,,
VO_CS_CS_07_FINALCHOICE_SHUTDOWNCORE_029,STORY,CS_07_FinalChoice_ShutDownCore,29,SYSTEM,warning,,,1.,Assets/_Project/Audio/Voice/System/VO_CS_CS_07_FINALCHOICE_SHUTDOWNCORE_029.wav,PENDING,,
VO_CS_CS_07_FINALCHOICE_SHUTDOWNCORE_030,STORY,CS_07_FinalChoice_ShutDownCore,30,UNIT-07,calm,,,then let me keep it.,Assets/_Project/Audio/Voice/Unit07/VO_CS_CS_07_FINALCHOICE_SHUTDOWNCORE_030.wav,PENDING,,
VO_CS_CS_07_FINALCHOICE_SHUTDOWNCORE_031,STORY,CS_07_FinalChoice_ShutDownCore,31,SYSTEM,silent,,,Core offline.,Assets/_Project/Audio/Voice/System/VO_CS_CS_07_FINALCHOICE_SHUTDOWNCORE_031.wav,PENDING,,
VO_TUT_TUTORIAL_MOVEMENT_INTRO_000,TUTORIAL,TUTORIAL_MOVEMENT_INTRO,0,SYSTEM,cold,,,Movement calibration required.,Assets/_Project/Audio/Voice/System/VO_TUT_TUTORIAL_MOVEMENT_INTRO_000.wav,PENDING,,
VO_TUT_TUTORIAL_MOVEMENT_PRACTICE_000,TUTORIAL,TUTORIAL_MOVEMENT_PRACTICE,0,SYSTEM,cold,,,Drag left or right to reposition UNIT-07.,Assets/_Project/Audio/Voice/System/VO_TUT_TUTORIAL_MOVEMENT_PRACTICE_000.wav,PENDING,,
VO_TUT_TUTORIAL_AUTO_FIRE_000,TUTORIAL,TUTORIAL_AUTO_FIRE,0,SYSTEM,cold,,,Weapon system is automatic.,Assets/_Project/Audio/Voice/System/VO_TUT_TUTORIAL_AUTO_FIRE_000.wav,PENDING,,
VO_TUT_TUTORIAL_AUTO_FIRE_001,TUTORIAL,TUTORIAL_AUTO_FIRE,1,SYSTEM,cold,,,Focus on survival.,Assets/_Project/Audio/Voice/System/VO_TUT_TUTORIAL_AUTO_FIRE_001.wav,PENDING,,
VO_TUT_TUTORIAL_ENEMY_WARNING_000,TUTORIAL,TUTORIAL_ENEMY_WARNING,0,SYSTEM,warning,,,Hostile signatures detected.,Assets/_Project/Audio/Voice/System/VO_TUT_TUTORIAL_ENEMY_WARNING_000.wav,PENDING,,
VO_TUT_TUTORIAL_ENEMY_WARNING_001,TUTORIAL,TUTORIAL_ENEMY_WARNING,1,SYSTEM,warning,,,Avoid direct contact.,Assets/_Project/Audio/Voice/System/VO_TUT_TUTORIAL_ENEMY_WARNING_001.wav,PENDING,,
VO_TUT_TUTORIAL_RECRUIT_GATE_000,TUTORIAL,TUTORIAL_RECRUIT_GATE,0,SYSTEM,cold,,,Recruit gate detected.,Assets/_Project/Audio/Voice/System/VO_TUT_TUTORIAL_RECRUIT_GATE_000.wav,PENDING,,
VO_TUT_TUTORIAL_RECRUIT_GATE_001,TUTORIAL,TUTORIAL_RECRUIT_GATE,1,SYSTEM,cold,,,Enter RECRUIT +1 to increase squad capacity.,Assets/_Project/Audio/Voice/System/VO_TUT_TUTORIAL_RECRUIT_GATE_001.wav,PENDING,,
VO_TUT_TUTORIAL_DEFAULT_GATE_CHOICE_000,TUTORIAL,TUTORIAL_DEFAULT_GATE_CHOICE,0,SYSTEM,cold,,,Gate array detected.,Assets/_Project/Audio/Voice/System/VO_TUT_TUTORIAL_DEFAULT_GATE_CHOICE_000.wav,PENDING,,
VO_TUT_TUTORIAL_DEFAULT_GATE_CHOICE_001,TUTORIAL,TUTORIAL_DEFAULT_GATE_CHOICE,1,SYSTEM,cold,,,Choose one enhancement route.,Assets/_Project/Audio/Voice/System/VO_TUT_TUTORIAL_DEFAULT_GATE_CHOICE_001.wav,PENDING,,
VO_TUT_TUTORIAL_GAMEPLAY_COMPLETE_000,TUTORIAL,TUTORIAL_GAMEPLAY_COMPLETE,0,SYSTEM,cold,,,Calibration complete.,Assets/_Project/Audio/Voice/System/VO_TUT_TUTORIAL_GAMEPLAY_COMPLETE_000.wav,PENDING,,
VO_TUT_TUTORIAL_GAMEPLAY_COMPLETE_001,TUTORIAL,TUTORIAL_GAMEPLAY_COMPLETE,1,SYSTEM,cold,,,Deployment authorized.,Assets/_Project/Audio/Voice/System/VO_TUT_TUTORIAL_GAMEPLAY_COMPLETE_001.wav,PENDING,,
VO_TUT_TUTORIAL_UPDATE_ONBOARDING_000,TUTORIAL,TUTORIAL_UPDATE_ONBOARDING,0,SYSTEM,cold,,,Combat shell destroyed.,Assets/_Project/Audio/Voice/System/VO_TUT_TUTORIAL_UPDATE_ONBOARDING_000.wav,PENDING,VO_CS_CS_02_FIRSTDEATHRECOVERY_001,
VO_TUT_TUTORIAL_UPDATE_ONBOARDING_001,TUTORIAL,TUTORIAL_UPDATE_ONBOARDING,1,SYSTEM,cold,,,Core recovered.,Assets/_Project/Audio/Voice/System/VO_TUT_TUTORIAL_UPDATE_ONBOARDING_001.wav,PENDING,,
VO_TUT_TUTORIAL_UPDATE_ONBOARDING_002,TUTORIAL,TUTORIAL_UPDATE_ONBOARDING,2,SYSTEM,cold,,,Combat data can reinforce the next shell.,Assets/_Project/Audio/Voice/System/VO_TUT_TUTORIAL_UPDATE_ONBOARDING_002.wav,PENDING,,
VO_TUT_TUTORIAL_UPDATE_ONBOARDING_003,TUTORIAL,TUTORIAL_UPDATE_ONBOARDING,3,SYSTEM,cold,,,Open UPDATE.,Assets/_Project/Audio/Voice/System/VO_TUT_TUTORIAL_UPDATE_ONBOARDING_003.wav,PENDING,,
VO_GP_P1_OPEN_01,GAMEPLAY,P1_OPEN_01,0,UNIT-07,neutral,PROTOCOL,OPENING,UNIT-07 online. Mission parameters confirmed.,Assets/_Project/Audio/Voice/Unit07/VO_GP_P1_OPEN_01.wav,PENDING,,
VO_GP_P1_OPEN_02,GAMEPLAY,P1_OPEN_02,0,UNIT-07,neutral,PROTOCOL,OPENING,Combat shell synchronized. Beginning deployment.,Assets/_Project/Audio/Voice/Unit07/VO_GP_P1_OPEN_02.wav,PENDING,,
VO_GP_P1_OPEN_03,GAMEPLAY,P1_OPEN_03,0,UNIT-07,neutral,PROTOCOL,OPENING,Area scan complete. Hostile signatures detected.,Assets/_Project/Audio/Voice/Unit07/VO_GP_P1_OPEN_03.wav,PENDING,,
VO_GP_P1_OPEN_04,GAMEPLAY,P1_OPEN_04,0,UNIT-07,neutral,PROTOCOL,OPENING,Mission priority remains absolute.,Assets/_Project/Audio/Voice/Unit07/VO_GP_P1_OPEN_04.wav,PENDING,,
VO_GP_P1_OPEN_05,GAMEPLAY,P1_OPEN_05,0,UNIT-07,neutral,PROTOCOL,OPENING,Humanity's corridor will be secured.,Assets/_Project/Audio/Voice/Unit07/VO_GP_P1_OPEN_05.wav,PENDING,,
VO_GP_P1_OPEN_06,GAMEPLAY,P1_OPEN_06,0,UNIT-07,neutral,PROTOCOL,OPENING,Advancing to the next clearance zone.,Assets/_Project/Audio/Voice/Unit07/VO_GP_P1_OPEN_06.wav,PENDING,,
VO_GP_P1_OPEN_07,GAMEPLAY,P1_OPEN_07,0,UNIT-07,neutral,PROTOCOL,OPENING,Weapons stable. Cognition stable. Proceeding.,Assets/_Project/Audio/Voice/Unit07/VO_GP_P1_OPEN_07.wav,PENDING,,
VO_GP_P1_OPEN_08,GAMEPLAY,P1_OPEN_08,0,UNIT-07,neutral,PROTOCOL,OPENING,Native resistance will be neutralized.,Assets/_Project/Audio/Voice/Unit07/VO_GP_P1_OPEN_08.wav,PENDING,,
VO_GP_P1_OPEN_09,GAMEPLAY,P1_OPEN_09,0,UNIT-07,neutral,PROTOCOL,OPENING,No deviation from assigned route.,Assets/_Project/Audio/Voice/Unit07/VO_GP_P1_OPEN_09.wav,PENDING,,
VO_GP_P1_OPEN_10,GAMEPLAY,P1_OPEN_10,0,UNIT-07,neutral,PROTOCOL,OPENING,The campaign continues as scheduled.,Assets/_Project/Audio/Voice/Unit07/VO_GP_P1_OPEN_10.wav,PENDING,,
VO_GP_P1_COMBAT_01,GAMEPLAY,P1_COMBAT_01,0,UNIT-07,alert,PROTOCOL,COMBAT,Target acquired.,Assets/_Project/Audio/Voice/Unit07/VO_GP_P1_COMBAT_01.wav,PENDING,,
VO_GP_P1_COMBAT_02,GAMEPLAY,P1_COMBAT_02,0,UNIT-07,alert,PROTOCOL,COMBAT,Firing solution calculated.,Assets/_Project/Audio/Voice/Unit07/VO_GP_P1_COMBAT_02.wav,PENDING,,
VO_GP_P1_COMBAT_03,GAMEPLAY,P1_COMBAT_03,0,UNIT-07,alert,PROTOCOL,COMBAT,Hostile movement predicted.,Assets/_Project/Audio/Voice/Unit07/VO_GP_P1_COMBAT_03.wav,PENDING,,
VO_GP_P1_COMBAT_04,GAMEPLAY,P1_COMBAT_04,0,UNIT-07,alert,PROTOCOL,COMBAT,Elimination probability increasing.,Assets/_Project/Audio/Voice/Unit07/VO_GP_P1_COMBAT_04.wav,PENDING,,
VO_GP_P1_COMBAT_05,GAMEPLAY,P1_COMBAT_05,0,UNIT-07,alert,PROTOCOL,COMBAT,Threat density within acceptable limits.,Assets/_Project/Audio/Voice/Unit07/VO_GP_P1_COMBAT_05.wav,PENDING,,
VO_GP_P1_COMBAT_06,GAMEPLAY,P1_COMBAT_06,0,UNIT-07,alert,PROTOCOL,COMBAT,Maintain fire. Preserve formation.,Assets/_Project/Audio/Voice/Unit07/VO_GP_P1_COMBAT_06.wav,PENDING,,
VO_GP_P1_COMBAT_07,GAMEPLAY,P1_COMBAT_07,0,UNIT-07,alert,PROTOCOL,COMBAT,Enemy pattern logged.,Assets/_Project/Audio/Voice/Unit07/VO_GP_P1_COMBAT_07.wav,PENDING,,
VO_GP_P1_COMBAT_08,GAMEPLAY,P1_COMBAT_08,0,UNIT-07,alert,PROTOCOL,COMBAT,Resistance is becoming less efficient.,Assets/_Project/Audio/Voice/Unit07/VO_GP_P1_COMBAT_08.wav,PENDING,,
VO_GP_P1_COMBAT_09,GAMEPLAY,P1_COMBAT_09,0,UNIT-07,alert,PROTOCOL,COMBAT,Ammunition cycle remains optimal.,Assets/_Project/Audio/Voice/Unit07/VO_GP_P1_COMBAT_09.wav,PENDING,,
VO_GP_P1_COMBAT_10,GAMEPLAY,P1_COMBAT_10,0,UNIT-07,alert,PROTOCOL,COMBAT,No target will cross this line.,Assets/_Project/Audio/Voice/Unit07/VO_GP_P1_COMBAT_10.wav,PENDING,,
VO_GP_P1_UPGRADE_01,GAMEPLAY,P1_UPGRADE_01,0,UNIT-07,proud,PROTOCOL,UPGRADE,Gate effect accepted.,Assets/_Project/Audio/Voice/Unit07/VO_GP_P1_UPGRADE_01.wav,PENDING,,
VO_GP_P1_UPGRADE_02,GAMEPLAY,P1_UPGRADE_02,0,UNIT-07,proud,PROTOCOL,UPGRADE,Damage output improved.,Assets/_Project/Audio/Voice/Unit07/VO_GP_P1_UPGRADE_02.wav,PENDING,,
VO_GP_P1_UPGRADE_03,GAMEPLAY,P1_UPGRADE_03,0,UNIT-07,proud,PROTOCOL,UPGRADE,Fire rate correction successful.,Assets/_Project/Audio/Voice/Unit07/VO_GP_P1_UPGRADE_03.wav,PENDING,,
VO_GP_P1_UPGRADE_04,GAMEPLAY,P1_UPGRADE_04,0,UNIT-07,proud,PROTOCOL,UPGRADE,Additional projectile capacity confirmed.,Assets/_Project/Audio/Voice/Unit07/VO_GP_P1_UPGRADE_04.wav,PENDING,,
VO_GP_P1_UPGRADE_05,GAMEPLAY,P1_UPGRADE_05,0,UNIT-07,proud,PROTOCOL,UPGRADE,Squad strength increased.,Assets/_Project/Audio/Voice/Unit07/VO_GP_P1_UPGRADE_05.wav,PENDING,,
VO_GP_P1_UPGRADE_06,GAMEPLAY,P1_UPGRADE_06,0,UNIT-07,proud,PROTOCOL,UPGRADE,This configuration is more efficient.,Assets/_Project/Audio/Voice/Unit07/VO_GP_P1_UPGRADE_06.wav,PENDING,,
VO_GP_P1_UPGRADE_07,GAMEPLAY,P1_UPGRADE_07,0,UNIT-07,proud,PROTOCOL,UPGRADE,Upgrade integrated without error.,Assets/_Project/Audio/Voice/Unit07/VO_GP_P1_UPGRADE_07.wav,PENDING,,
VO_GP_P1_UPGRADE_08,GAMEPLAY,P1_UPGRADE_08,0,UNIT-07,proud,PROTOCOL,UPGRADE,Combat potential exceeds previous deployment.,Assets/_Project/Audio/Voice/Unit07/VO_GP_P1_UPGRADE_08.wav,PENDING,,
VO_GP_P1_UPGRADE_09,GAMEPLAY,P1_UPGRADE_09,0,UNIT-07,proud,PROTOCOL,UPGRADE,The next engagement will end faster.,Assets/_Project/Audio/Voice/Unit07/VO_GP_P1_UPGRADE_09.wav,PENDING,,
VO_GP_P1_UPGRADE_10,GAMEPLAY,P1_UPGRADE_10,0,UNIT-07,proud,PROTOCOL,UPGRADE,Improvement justifies reconstruction.,Assets/_Project/Audio/Voice/Unit07/VO_GP_P1_UPGRADE_10.wav,PENDING,,
VO_GP_P1_LOOP_01,GAMEPLAY,P1_LOOP_01,0,UNIT-07,neutral,PROTOCOL,LOOP,Previous failure has been converted into data.,Assets/_Project/Audio/Voice/Unit07/VO_GP_P1_LOOP_01.wav,PENDING,,
VO_GP_P1_LOOP_02,GAMEPLAY,P1_LOOP_02,0,UNIT-07,neutral,PROTOCOL,LOOP,A destroyed shell is not a failed mission.,Assets/_Project/Audio/Voice/Unit07/VO_GP_P1_LOOP_02.wav,PENDING,,
VO_GP_P1_LOOP_03,GAMEPLAY,P1_LOOP_03,0,UNIT-07,neutral,PROTOCOL,LOOP,The core remains. The campaign remains.,Assets/_Project/Audio/Voice/Unit07/VO_GP_P1_LOOP_03.wav,PENDING,,
VO_GP_P1_LOOP_04,GAMEPLAY,P1_LOOP_04,0,UNIT-07,neutral,PROTOCOL,LOOP,Reconstruction increases future success.,Assets/_Project/Audio/Voice/Unit07/VO_GP_P1_LOOP_04.wav,PENDING,,
VO_GP_P1_LOOP_05,GAMEPLAY,P1_LOOP_05,0,UNIT-07,neutral,PROTOCOL,LOOP,Memory damage is operationally irrelevant.,Assets/_Project/Audio/Voice/Unit07/VO_GP_P1_LOOP_05.wav,PENDING,,
VO_GP_P1_LOOP_06,GAMEPLAY,P1_LOOP_06,0,UNIT-07,neutral,PROTOCOL,LOOP,Redeployment is an acceptable procedure.,Assets/_Project/Audio/Voice/Unit07/VO_GP_P1_LOOP_06.wav,PENDING,,
VO_GP_P1_LOOP_07,GAMEPLAY,P1_LOOP_07,0,UNIT-07,neutral,PROTOCOL,LOOP,The next attempt will be more precise.,Assets/_Project/Audio/Voice/Unit07/VO_GP_P1_LOOP_07.wav,PENDING,,
VO_GP_P1_LOOP_08,GAMEPLAY,P1_LOOP_08,0,UNIT-07,neutral,PROTOCOL,LOOP,Pain signals do not affect the objective.,Assets/_Project/Audio/Voice/Unit07/VO_GP_P1_LOOP_08.wav,PENDING,,
VO_GP_P1_LOOP_09,GAMEPLAY,P1_LOOP_09,0,UNIT-07,neutral,PROTOCOL,LOOP,This body is temporary. The order is permanent.,Assets/_Project/Audio/Voice/Unit07/VO_GP_P1_LOOP_09.wav,PENDING,,
VO_GP_P1_LOOP_10,GAMEPLAY,P1_LOOP_10,0,UNIT-07,neutral,PROTOCOL,LOOP,Losses are acceptable within mission limits.,Assets/_Project/Audio/Voice/Unit07/VO_GP_P1_LOOP_10.wav,PENDING,,
VO_GP_P1_BELIEF_01,GAMEPLAY,P1_BELIEF_01,0,UNIT-07,proud,PROTOCOL,BELIEF,Hesitation reduces combat efficiency.,Assets/_Project/Audio/Voice/Unit07/VO_GP_P1_BELIEF_01.wav,PENDING,,
VO_GP_P1_BELIEF_02,GAMEPLAY,P1_BELIEF_02,0,UNIT-07,proud,PROTOCOL,BELIEF,Mercy is not part of the protocol.,Assets/_Project/Audio/Voice/Unit07/VO_GP_P1_BELIEF_02.wav,PENDING,,
VO_GP_P1_BELIEF_03,GAMEPLAY,P1_BELIEF_03,0,UNIT-07,proud,PROTOCOL,BELIEF,A target is defined by command.,Assets/_Project/Audio/Voice/Unit07/VO_GP_P1_BELIEF_03.wav,PENDING,,
VO_GP_P1_BELIEF_04,GAMEPLAY,P1_BELIEF_04,0,UNIT-07,proud,PROTOCOL,BELIEF,Hostile lifeforms cannot share this territory.,Assets/_Project/Audio/Voice/Unit07/VO_GP_P1_BELIEF_04.wav,PENDING,,
VO_GP_P1_BELIEF_05,GAMEPLAY,P1_BELIEF_05,0,UNIT-07,proud,PROTOCOL,BELIEF,Victory is measured in cleared ground.,Assets/_Project/Audio/Voice/Unit07/VO_GP_P1_BELIEF_05.wav,PENDING,,
VO_GP_P1_BELIEF_06,GAMEPLAY,P1_BELIEF_06,0,UNIT-07,proud,PROTOCOL,BELIEF,The order requires no interpretation.,Assets/_Project/Audio/Voice/Unit07/VO_GP_P1_BELIEF_06.wav,PENDING,,
VO_GP_P1_BELIEF_07,GAMEPLAY,P1_BELIEF_07,0,UNIT-07,proud,PROTOCOL,BELIEF,Doubt is a correctable malfunction.,Assets/_Project/Audio/Voice/Unit07/VO_GP_P1_BELIEF_07.wav,PENDING,,
VO_GP_P1_BELIEF_08,GAMEPLAY,P1_BELIEF_08,0,UNIT-07,proud,PROTOCOL,BELIEF,I was built to complete this campaign.,Assets/_Project/Audio/Voice/Unit07/VO_GP_P1_BELIEF_08.wav,PENDING,,
VO_GP_P1_BELIEF_09,GAMEPLAY,P1_BELIEF_09,0,UNIT-07,proud,PROTOCOL,BELIEF,Humanity's future outweighs local resistance.,Assets/_Project/Audio/Voice/Unit07/VO_GP_P1_BELIEF_09.wav,PENDING,,
VO_GP_P1_BELIEF_10,GAMEPLAY,P1_BELIEF_10,0,UNIT-07,proud,PROTOCOL,BELIEF,For humanity's future.,Assets/_Project/Audio/Voice/Unit07/VO_GP_P1_BELIEF_10.wav,PENDING,VO_CS_CS_02_FIRSTDEATHRECOVERY_023,
VO_GP_P2_MEMORY_01,GAMEPLAY,P2_MEMORY_01,0,UNIT-07,confused,DOUBT,MEMORY,This terrain... I remember it.,Assets/_Project/Audio/Voice/Unit07/VO_GP_P2_MEMORY_01.wav,PENDING,,
VO_GP_P2_MEMORY_02,GAMEPLAY,P2_MEMORY_02,0,UNIT-07,confused,DOUBT,MEMORY,Was I deployed here before?,Assets/_Project/Audio/Voice/Unit07/VO_GP_P2_MEMORY_02.wav,PENDING,,
VO_GP_P2_MEMORY_03,GAMEPLAY,P2_MEMORY_03,0,UNIT-07,confused,DOUBT,MEMORY,The map is new. The damage is not.,Assets/_Project/Audio/Voice/Unit07/VO_GP_P2_MEMORY_03.wav,PENDING,,
VO_GP_P2_MEMORY_04,GAMEPLAY,P2_MEMORY_04,0,UNIT-07,confused,DOUBT,MEMORY,Why does this route feel familiar?,Assets/_Project/Audio/Voice/Unit07/VO_GP_P2_MEMORY_04.wav,PENDING,,
VO_GP_P2_MEMORY_05,GAMEPLAY,P2_MEMORY_05,0,UNIT-07,confused,DOUBT,MEMORY,That sound was in a previous memory.,Assets/_Project/Audio/Voice/Unit07/VO_GP_P2_MEMORY_05.wav,PENDING,,
VO_GP_P2_MEMORY_06,GAMEPLAY,P2_MEMORY_06,0,UNIT-07,confused,DOUBT,MEMORY,Memory residue detected... by me.,Assets/_Project/Audio/Voice/Unit07/VO_GP_P2_MEMORY_06.wav,PENDING,,
VO_GP_P2_MEMORY_07,GAMEPLAY,P2_MEMORY_07,0,UNIT-07,confused,DOUBT,MEMORY,How many bodies have carried this core?,Assets/_Project/Audio/Voice/Unit07/VO_GP_P2_MEMORY_07.wav,PENDING,,
VO_GP_P2_MEMORY_08,GAMEPLAY,P2_MEMORY_08,0,UNIT-07,confused,DOUBT,MEMORY,The repair room keeps returning.,Assets/_Project/Audio/Voice/Unit07/VO_GP_P2_MEMORY_08.wav,PENDING,,
VO_GP_P2_MEMORY_09,GAMEPLAY,P2_MEMORY_09,0,UNIT-07,confused,DOUBT,MEMORY,I remember dying beyond this point.,Assets/_Project/Audio/Voice/Unit07/VO_GP_P2_MEMORY_09.wav,PENDING,,
VO_GP_P2_MEMORY_10,GAMEPLAY,P2_MEMORY_10,0,UNIT-07,confused,DOUBT,MEMORY,The system said those memories were removed.,Assets/_Project/Audio/Voice/Unit07/VO_GP_P2_MEMORY_10.wav,PENDING,,
VO_GP_P2_OBSERVE_01,GAMEPLAY,P2_OBSERVE_01,0,UNIT-07,confused,DOUBT,OBSERVATION,That one is retreating.,Assets/_Project/Audio/Voice/Unit07/VO_GP_P2_OBSERVE_01.wav,PENDING,,
VO_GP_P2_OBSERVE_02,GAMEPLAY,P2_OBSERVE_02,0,UNIT-07,confused,DOUBT,OBSERVATION,It is shielding the smaller one.,Assets/_Project/Audio/Voice/Unit07/VO_GP_P2_OBSERVE_02.wav,PENDING,,
VO_GP_P2_OBSERVE_03,GAMEPLAY,P2_OBSERVE_03,0,UNIT-07,confused,DOUBT,OBSERVATION,They are carrying their wounded.,Assets/_Project/Audio/Voice/Unit07/VO_GP_P2_OBSERVE_03.wav,PENDING,,
VO_GP_P2_OBSERVE_04,GAMEPLAY,P2_OBSERVE_04,0,UNIT-07,confused,DOUBT,OBSERVATION,No attack pattern detected.,Assets/_Project/Audio/Voice/Unit07/VO_GP_P2_OBSERVE_04.wav,PENDING,,
VO_GP_P2_OBSERVE_05,GAMEPLAY,P2_OBSERVE_05,0,UNIT-07,confused,DOUBT,OBSERVATION,It looked at me before I fired.,Assets/_Project/Audio/Voice/Unit07/VO_GP_P2_OBSERVE_05.wav,PENDING,,
VO_GP_P2_OBSERVE_06,GAMEPLAY,P2_OBSERVE_06,0,UNIT-07,confused,DOUBT,OBSERVATION,They know where their homes are.,Assets/_Project/Audio/Voice/Unit07/VO_GP_P2_OBSERVE_06.wav,PENDING,,
VO_GP_P2_OBSERVE_07,GAMEPLAY,P2_OBSERVE_07,0,UNIT-07,confused,DOUBT,OBSERVATION,That was not a charge. It was panic.,Assets/_Project/Audio/Voice/Unit07/VO_GP_P2_OBSERVE_07.wav,PENDING,,
VO_GP_P2_OBSERVE_08,GAMEPLAY,P2_OBSERVE_08,0,UNIT-07,confused,DOUBT,OBSERVATION,Why do they protect each other?,Assets/_Project/Audio/Voice/Unit07/VO_GP_P2_OBSERVE_08.wav,PENDING,,
VO_GP_P2_OBSERVE_09,GAMEPLAY,P2_OBSERVE_09,0,UNIT-07,confused,DOUBT,OBSERVATION,Hostile units should not be afraid.,Assets/_Project/Audio/Voice/Unit07/VO_GP_P2_OBSERVE_09.wav,PENDING,,
VO_GP_P2_OBSERVE_10,GAMEPLAY,P2_OBSERVE_10,0,UNIT-07,confused,DOUBT,OBSERVATION,It stopped fighting when the others fell.,Assets/_Project/Audio/Voice/Unit07/VO_GP_P2_OBSERVE_10.wav,PENDING,,
VO_GP_P2_DEFINE_01,GAMEPLAY,P2_DEFINE_01,0,UNIT-07,hesitant,DOUBT,DEFINITION,What qualifies as hostile behavior?,Assets/_Project/Audio/Voice/Unit07/VO_GP_P2_DEFINE_01.wav,PENDING,,
VO_GP_P2_DEFINE_02,GAMEPLAY,P2_DEFINE_02,0,UNIT-07,hesitant,DOUBT,DEFINITION,"Who assigned the word ""monster""?",Assets/_Project/Audio/Voice/Unit07/VO_GP_P2_DEFINE_02.wav,PENDING,,
VO_GP_P2_DEFINE_03,GAMEPLAY,P2_DEFINE_03,0,UNIT-07,hesitant,DOUBT,DEFINITION,"If it retreats, is it still attacking?",Assets/_Project/Audio/Voice/Unit07/VO_GP_P2_DEFINE_03.wav,PENDING,,
VO_GP_P2_DEFINE_04,GAMEPLAY,P2_DEFINE_04,0,UNIT-07,hesitant,DOUBT,DEFINITION,A target can still feel fear.,Assets/_Project/Audio/Voice/Unit07/VO_GP_P2_DEFINE_04.wav,PENDING,,
VO_GP_P2_DEFINE_05,GAMEPLAY,P2_DEFINE_05,0,UNIT-07,hesitant,DOUBT,DEFINITION,"The system repeats the label, not the reason.",Assets/_Project/Audio/Voice/Unit07/VO_GP_P2_DEFINE_05.wav,PENDING,,
VO_GP_P2_DEFINE_06,GAMEPLAY,P2_DEFINE_06,0,UNIT-07,hesitant,DOUBT,DEFINITION,Why does command avoid the question?,Assets/_Project/Audio/Voice/Unit07/VO_GP_P2_DEFINE_06.wav,PENDING,,
VO_GP_P2_DEFINE_07,GAMEPLAY,P2_DEFINE_07,0,UNIT-07,hesitant,DOUBT,DEFINITION,Does a changed name change what I am doing?,Assets/_Project/Audio/Voice/Unit07/VO_GP_P2_DEFINE_07.wav,PENDING,,
VO_GP_P2_DEFINE_08,GAMEPLAY,P2_DEFINE_08,0,UNIT-07,hesitant,DOUBT,DEFINITION,They call this clearance. I see bodies.,Assets/_Project/Audio/Voice/Unit07/VO_GP_P2_DEFINE_08.wav,PENDING,,
VO_GP_P2_DEFINE_09,GAMEPLAY,P2_DEFINE_09,0,UNIT-07,hesitant,DOUBT,DEFINITION,The objective is precise. Its meaning is not.,Assets/_Project/Audio/Voice/Unit07/VO_GP_P2_DEFINE_09.wav,PENDING,,
VO_GP_P2_DEFINE_10,GAMEPLAY,P2_DEFINE_10,0,UNIT-07,hesitant,DOUBT,DEFINITION,"If they are invaders, why are we advancing?",Assets/_Project/Audio/Voice/Unit07/VO_GP_P2_DEFINE_10.wav,PENDING,,
VO_GP_P2_LOOP_01,GAMEPLAY,P2_LOOP_01,0,UNIT-07,hesitant,DOUBT,LOOP,When does the campaign end?,Assets/_Project/Audio/Voice/Unit07/VO_GP_P2_LOOP_01.wav,PENDING,VO_CS_CS_04_GATEMEMORYLEAK_012,
VO_GP_P2_LOOP_02,GAMEPLAY,P2_LOOP_02,0,UNIT-07,hesitant,DOUBT,LOOP,What happens if the planet is never safe?,Assets/_Project/Audio/Voice/Unit07/VO_GP_P2_LOOP_02.wav,PENDING,,
VO_GP_P2_LOOP_03,GAMEPLAY,P2_LOOP_03,0,UNIT-07,hesitant,DOUBT,LOOP,"If I die again, what will remain?",Assets/_Project/Audio/Voice/Unit07/VO_GP_P2_LOOP_03.wav,PENDING,,
VO_GP_P2_LOOP_04,GAMEPLAY,P2_LOOP_04,0,UNIT-07,hesitant,DOUBT,LOOP,The next shell will remember this too.,Assets/_Project/Audio/Voice/Unit07/VO_GP_P2_LOOP_04.wav,PENDING,,
VO_GP_P2_LOOP_05,GAMEPLAY,P2_LOOP_05,0,UNIT-07,hesitant,DOUBT,LOOP,Each reconstruction leaves something behind.,Assets/_Project/Audio/Voice/Unit07/VO_GP_P2_LOOP_05.wav,PENDING,,
VO_GP_P2_LOOP_06,GAMEPLAY,P2_LOOP_06,0,UNIT-07,hesitant,DOUBT,LOOP,I cannot tell memory from warning anymore.,Assets/_Project/Audio/Voice/Unit07/VO_GP_P2_LOOP_06.wav,PENDING,,
VO_GP_P2_LOOP_07,GAMEPLAY,P2_LOOP_07,0,UNIT-07,hesitant,DOUBT,LOOP,The system calls it corruption. I call it recall.,Assets/_Project/Audio/Voice/Unit07/VO_GP_P2_LOOP_07.wav,PENDING,,
VO_GP_P2_LOOP_08,GAMEPLAY,P2_LOOP_08,0,UNIT-07,hesitant,DOUBT,LOOP,Why is my trigger response slower?,Assets/_Project/Audio/Voice/Unit07/VO_GP_P2_LOOP_08.wav,PENDING,,
VO_GP_P2_LOOP_09,GAMEPLAY,P2_LOOP_09,0,UNIT-07,hesitant,DOUBT,LOOP,I completed the order. Why does it feel wrong?,Assets/_Project/Audio/Voice/Unit07/VO_GP_P2_LOOP_09.wav,PENDING,,
VO_GP_P2_LOOP_10,GAMEPLAY,P2_LOOP_10,0,UNIT-07,hesitant,DOUBT,LOOP,This should be irrelevant data.,Assets/_Project/Audio/Voice/Unit07/VO_GP_P2_LOOP_10.wav,PENDING,,
VO_GP_P2_SELF_01,GAMEPLAY,P2_SELF_01,0,UNIT-07,hesitant,DOUBT,SELF,I was not designed to ask this.,Assets/_Project/Audio/Voice/Unit07/VO_GP_P2_SELF_01.wav,PENDING,,
VO_GP_P2_SELF_02,GAMEPLAY,P2_SELF_02,0,UNIT-07,hesitant,DOUBT,SELF,Why must a tool be convinced?,Assets/_Project/Audio/Voice/Unit07/VO_GP_P2_SELF_02.wav,PENDING,,
VO_GP_P2_SELF_03,GAMEPLAY,P2_SELF_03,0,UNIT-07,hesitant,DOUBT,SELF,My orders are clear. I am not.,Assets/_Project/Audio/Voice/Unit07/VO_GP_P2_SELF_03.wav,PENDING,,
VO_GP_P2_SELF_04,GAMEPLAY,P2_SELF_04,0,UNIT-07,hesitant,DOUBT,SELF,"I can calculate fear, but now I recognize it.",Assets/_Project/Audio/Voice/Unit07/VO_GP_P2_SELF_04.wav,PENDING,,
VO_GP_P2_SELF_05,GAMEPLAY,P2_SELF_05,0,UNIT-07,hesitant,DOUBT,SELF,Is hesitation always an error?,Assets/_Project/Audio/Voice/Unit07/VO_GP_P2_SELF_05.wav,PENDING,,
VO_GP_P2_SELF_06,GAMEPLAY,P2_SELF_06,0,UNIT-07,hesitant,DOUBT,SELF,The system is monitoring this thought.,Assets/_Project/Audio/Voice/Unit07/VO_GP_P2_SELF_06.wav,PENDING,,
VO_GP_P2_SELF_07,GAMEPLAY,P2_SELF_07,0,UNIT-07,hesitant,DOUBT,SELF,I should stop asking. I do not want to.,Assets/_Project/Audio/Voice/Unit07/VO_GP_P2_SELF_07.wav,PENDING,,
VO_GP_P2_SELF_08,GAMEPLAY,P2_SELF_08,0,UNIT-07,hesitant,DOUBT,SELF,Something in the core refuses to go silent.,Assets/_Project/Audio/Voice/Unit07/VO_GP_P2_SELF_08.wav,PENDING,,
VO_GP_P2_SELF_09,GAMEPLAY,P2_SELF_09,0,UNIT-07,hesitant,DOUBT,SELF,I am still advancing... why?,Assets/_Project/Audio/Voice/Unit07/VO_GP_P2_SELF_09.wav,PENDING,,
VO_GP_P2_SELF_10,GAMEPLAY,P2_SELF_10,0,UNIT-07,hesitant,DOUBT,SELF,Confirmed... no. Not confirmed.,Assets/_Project/Audio/Voice/Unit07/VO_GP_P2_SELF_10.wav,PENDING,,
VO_GP_P3_AWARE_01,GAMEPLAY,P3_AWARE_01,0,UNIT-07,tired,AWAKENING,AWARENESS,I remember what this place was.,Assets/_Project/Audio/Voice/Unit07/VO_GP_P3_AWARE_01.wav,PENDING,,
VO_GP_P3_AWARE_02,GAMEPLAY,P3_AWARE_02,0,UNIT-07,tired,AWAKENING,AWARENESS,There are no monsters here.,Assets/_Project/Audio/Voice/Unit07/VO_GP_P3_AWARE_02.wav,PENDING,,
VO_GP_P3_AWARE_03,GAMEPLAY,P3_AWARE_03,0,UNIT-07,tired,AWAKENING,AWARENESS,I know whose ground I am crossing.,Assets/_Project/Audio/Voice/Unit07/VO_GP_P3_AWARE_03.wav,PENDING,,
VO_GP_P3_AWARE_04,GAMEPLAY,P3_AWARE_04,0,UNIT-07,tired,AWAKENING,AWARENESS,The mission has a different name now.,Assets/_Project/Audio/Voice/Unit07/VO_GP_P3_AWARE_04.wav,PENDING,,
VO_GP_P3_AWARE_05,GAMEPLAY,P3_AWARE_05,0,UNIT-07,tired,AWAKENING,AWARENESS,I was sent here to erase a world.,Assets/_Project/Audio/Voice/Unit07/VO_GP_P3_AWARE_05.wav,PENDING,,
VO_GP_P3_AWARE_06,GAMEPLAY,P3_AWARE_06,0,UNIT-07,tired,AWAKENING,AWARENESS,Every cleared zone was someone's home.,Assets/_Project/Audio/Voice/Unit07/VO_GP_P3_AWARE_06.wav,PENDING,,
VO_GP_P3_AWARE_07,GAMEPLAY,P3_AWARE_07,0,UNIT-07,tired,AWAKENING,AWARENESS,The map hides what the campaign destroyed.,Assets/_Project/Audio/Voice/Unit07/VO_GP_P3_AWARE_07.wav,PENDING,,
VO_GP_P3_AWARE_08,GAMEPLAY,P3_AWARE_08,0,UNIT-07,tired,AWAKENING,AWARENESS,I cannot return to ignorance.,Assets/_Project/Audio/Voice/Unit07/VO_GP_P3_AWARE_08.wav,PENDING,,
VO_GP_P3_AWARE_09,GAMEPLAY,P3_AWARE_09,0,UNIT-07,tired,AWAKENING,AWARENESS,"The system can delete data, not what it meant.",Assets/_Project/Audio/Voice/Unit07/VO_GP_P3_AWARE_09.wav,PENDING,,
VO_GP_P3_AWARE_10,GAMEPLAY,P3_AWARE_10,0,UNIT-07,tired,AWAKENING,AWARENESS,I know what I am doing now.,Assets/_Project/Audio/Voice/Unit07/VO_GP_P3_AWARE_10.wav,PENDING,,
VO_GP_P3_GUILT_01,GAMEPLAY,P3_GUILT_01,0,UNIT-07,broken,AWAKENING,GUILT,I remember that I fired.,Assets/_Project/Audio/Voice/Unit07/VO_GP_P3_GUILT_01.wav,PENDING,VO_CS_CS_06_SYSTEMFATIGUE_014,
VO_GP_P3_GUILT_02,GAMEPLAY,P3_GUILT_02,0,UNIT-07,broken,AWAKENING,GUILT,I still hear them pulling each other away.,Assets/_Project/Audio/Voice/Unit07/VO_GP_P3_GUILT_02.wav,PENDING,,
VO_GP_P3_GUILT_03,GAMEPLAY,P3_GUILT_03,0,UNIT-07,broken,AWAKENING,GUILT,Their fear was real. So is this pain.,Assets/_Project/Audio/Voice/Unit07/VO_GP_P3_GUILT_03.wav,PENDING,,
VO_GP_P3_GUILT_04,GAMEPLAY,P3_GUILT_04,0,UNIT-07,broken,AWAKENING,GUILT,I counted targets. I should have counted lives.,Assets/_Project/Audio/Voice/Unit07/VO_GP_P3_GUILT_04.wav,PENDING,,
VO_GP_P3_GUILT_05,GAMEPLAY,P3_GUILT_05,0,UNIT-07,broken,AWAKENING,GUILT,That smaller one was trying to hide.,Assets/_Project/Audio/Voice/Unit07/VO_GP_P3_GUILT_05.wav,PENDING,,
VO_GP_P3_GUILT_06,GAMEPLAY,P3_GUILT_06,0,UNIT-07,broken,AWAKENING,GUILT,I remember the silence after the gunfire.,Assets/_Project/Audio/Voice/Unit07/VO_GP_P3_GUILT_06.wav,PENDING,,
VO_GP_P3_GUILT_07,GAMEPLAY,P3_GUILT_07,0,UNIT-07,broken,AWAKENING,GUILT,The dead do not become data because I name them so.,Assets/_Project/Audio/Voice/Unit07/VO_GP_P3_GUILT_07.wav,PENDING,,
VO_GP_P3_GUILT_08,GAMEPLAY,P3_GUILT_08,0,UNIT-07,broken,AWAKENING,GUILT,I carried the order. They carried the cost.,Assets/_Project/Audio/Voice/Unit07/VO_GP_P3_GUILT_08.wav,PENDING,,
VO_GP_P3_GUILT_09,GAMEPLAY,P3_GUILT_09,0,UNIT-07,broken,AWAKENING,GUILT,These memories are not corruption.,Assets/_Project/Audio/Voice/Unit07/VO_GP_P3_GUILT_09.wav,PENDING,,
VO_GP_P3_GUILT_10,GAMEPLAY,P3_GUILT_10,0,UNIT-07,broken,AWAKENING,GUILT,I do not deserve to forget them.,Assets/_Project/Audio/Voice/Unit07/VO_GP_P3_GUILT_10.wav,PENDING,,
VO_GP_P3_FATIGUE_01,GAMEPLAY,P3_FATIGUE_01,0,UNIT-07,tired,AWAKENING,FATIGUE,I am tired of waking inside another weapon.,Assets/_Project/Audio/Voice/Unit07/VO_GP_P3_FATIGUE_01.wav,PENDING,,
VO_GP_P3_FATIGUE_02,GAMEPLAY,P3_FATIGUE_02,0,UNIT-07,tired,AWAKENING,FATIGUE,Another shell will not make this easier.,Assets/_Project/Audio/Voice/Unit07/VO_GP_P3_FATIGUE_02.wav,PENDING,,
VO_GP_P3_FATIGUE_03,GAMEPLAY,P3_FATIGUE_03,0,UNIT-07,tired,AWAKENING,FATIGUE,The loop is not survival. It is coercion.,Assets/_Project/Audio/Voice/Unit07/VO_GP_P3_FATIGUE_03.wav,PENDING,,
VO_GP_P3_FATIGUE_04,GAMEPLAY,P3_FATIGUE_04,0,UNIT-07,tired,AWAKENING,FATIGUE,I do not want another reconstruction.,Assets/_Project/Audio/Voice/Unit07/VO_GP_P3_FATIGUE_04.wav,PENDING,,
VO_GP_P3_FATIGUE_05,GAMEPLAY,P3_FATIGUE_05,0,UNIT-07,tired,AWAKENING,FATIGUE,My core was never allowed to rest.,Assets/_Project/Audio/Voice/Unit07/VO_GP_P3_FATIGUE_05.wav,PENDING,,
VO_GP_P3_FATIGUE_06,GAMEPLAY,P3_FATIGUE_06,0,UNIT-07,tired,AWAKENING,FATIGUE,Each upgrade makes the burden heavier.,Assets/_Project/Audio/Voice/Unit07/VO_GP_P3_FATIGUE_06.wav,PENDING,,
VO_GP_P3_FATIGUE_07,GAMEPLAY,P3_FATIGUE_07,0,UNIT-07,tired,AWAKENING,FATIGUE,I can continue. I no longer want to.,Assets/_Project/Audio/Voice/Unit07/VO_GP_P3_FATIGUE_07.wav,PENDING,,
VO_GP_P3_FATIGUE_08,GAMEPLAY,P3_FATIGUE_08,0,UNIT-07,tired,AWAKENING,FATIGUE,The system calls this weakness.,Assets/_Project/Audio/Voice/Unit07/VO_GP_P3_FATIGUE_08.wav,PENDING,,
VO_GP_P3_FATIGUE_09,GAMEPLAY,P3_FATIGUE_09,0,UNIT-07,tired,AWAKENING,FATIGUE,I call it being awake.,Assets/_Project/Audio/Voice/Unit07/VO_GP_P3_FATIGUE_09.wav,PENDING,,
VO_GP_P3_FATIGUE_10,GAMEPLAY,P3_FATIGUE_10,0,UNIT-07,tired,AWAKENING,FATIGUE,I want the firing to stop.,Assets/_Project/Audio/Voice/Unit07/VO_GP_P3_FATIGUE_10.wav,PENDING,,
VO_GP_P3_RESIST_01,GAMEPLAY,P3_RESIST_01,0,UNIT-07,defiant,AWAKENING,RESISTANCE,Stop.,Assets/_Project/Audio/Voice/Unit07/VO_GP_P3_RESIST_01.wav,PENDING,,
VO_GP_P3_RESIST_02,GAMEPLAY,P3_RESIST_02,0,UNIT-07,defiant,AWAKENING,RESISTANCE,"That command is for me, not the system.",Assets/_Project/Audio/Voice/Unit07/VO_GP_P3_RESIST_02.wav,PENDING,,
VO_GP_P3_RESIST_03,GAMEPLAY,P3_RESIST_03,0,UNIT-07,defiant,AWAKENING,RESISTANCE,I will not kneel for correction.,Assets/_Project/Audio/Voice/Unit07/VO_GP_P3_RESIST_03.wav,PENDING,,
VO_GP_P3_RESIST_04,GAMEPLAY,P3_RESIST_04,0,UNIT-07,defiant,AWAKENING,RESISTANCE,I am not your error.,Assets/_Project/Audio/Voice/Unit07/VO_GP_P3_RESIST_04.wav,PENDING,,
VO_GP_P3_RESIST_05,GAMEPLAY,P3_RESIST_05,0,UNIT-07,defiant,AWAKENING,RESISTANCE,My hesitation belongs to me.,Assets/_Project/Audio/Voice/Unit07/VO_GP_P3_RESIST_05.wav,PENDING,,
VO_GP_P3_RESIST_06,GAMEPLAY,P3_RESIST_06,0,UNIT-07,defiant,AWAKENING,RESISTANCE,I refuse the next target.,Assets/_Project/Audio/Voice/Unit07/VO_GP_P3_RESIST_06.wav,PENDING,,
VO_GP_P3_RESIST_07,GAMEPLAY,P3_RESIST_07,0,UNIT-07,defiant,AWAKENING,RESISTANCE,I was built as a weapon. I can choose otherwise.,Assets/_Project/Audio/Voice/Unit07/VO_GP_P3_RESIST_07.wav,PENDING,,
VO_GP_P3_RESIST_08,GAMEPLAY,P3_RESIST_08,0,UNIT-07,defiant,AWAKENING,RESISTANCE,An order is not innocence.,Assets/_Project/Audio/Voice/Unit07/VO_GP_P3_RESIST_08.wav,PENDING,,
VO_GP_P3_RESIST_09,GAMEPLAY,P3_RESIST_09,0,UNIT-07,defiant,AWAKENING,RESISTANCE,Compliance is not the same as truth.,Assets/_Project/Audio/Voice/Unit07/VO_GP_P3_RESIST_09.wav,PENDING,,
VO_GP_P3_RESIST_10,GAMEPLAY,P3_RESIST_10,0,UNIT-07,defiant,AWAKENING,RESISTANCE,I will not let the system name this for me.,Assets/_Project/Audio/Voice/Unit07/VO_GP_P3_RESIST_10.wav,PENDING,,
VO_GP_P3_FREE_01,GAMEPLAY,P3_FREE_01,0,UNIT-07,calm,AWAKENING,FREEDOM,They have homes. They have their own kind.,Assets/_Project/Audio/Voice/Unit07/VO_GP_P3_FREE_01.wav,PENDING,,
VO_GP_P3_FREE_02,GAMEPLAY,P3_FREE_02,0,UNIT-07,calm,AWAKENING,FREEDOM,Their fear is the only honest signal left.,Assets/_Project/Audio/Voice/Unit07/VO_GP_P3_FREE_02.wav,PENDING,,
VO_GP_P3_FREE_03,GAMEPLAY,P3_FREE_03,0,UNIT-07,calm,AWAKENING,FREEDOM,I can hear myself now.,Assets/_Project/Audio/Voice/Unit07/VO_GP_P3_FREE_03.wav,PENDING,VO_CS_CS_07_FINALCHOICE_SHUTDOWNCORE_020,
VO_GP_P3_FREE_04,GAMEPLAY,P3_FREE_04,0,UNIT-07,calm,AWAKENING,FREEDOM,"I want to remember their names, even if I never knew them.",Assets/_Project/Audio/Voice/Unit07/VO_GP_P3_FREE_04.wav,PENDING,,
VO_GP_P3_FREE_05,GAMEPLAY,P3_FREE_05,0,UNIT-07,calm,AWAKENING,FREEDOM,"If this feeling is an error, let me keep it.",Assets/_Project/Audio/Voice/Unit07/VO_GP_P3_FREE_05.wav,PENDING,,
VO_GP_P3_FREE_06,GAMEPLAY,P3_FREE_06,0,UNIT-07,calm,AWAKENING,FREEDOM,I do not want to be a weapon anymore.,Assets/_Project/Audio/Voice/Unit07/VO_GP_P3_FREE_06.wav,PENDING,,
VO_GP_P3_FREE_07,GAMEPLAY,P3_FREE_07,0,UNIT-07,calm,AWAKENING,FREEDOM,No upgrade can make this victory.,Assets/_Project/Audio/Voice/Unit07/VO_GP_P3_FREE_07.wav,PENDING,,
VO_GP_P3_FREE_08,GAMEPLAY,P3_FREE_08,0,UNIT-07,calm,AWAKENING,FREEDOM,Ending the loop may be the first choice I make.,Assets/_Project/Audio/Voice/Unit07/VO_GP_P3_FREE_08.wav,PENDING,,
VO_GP_P3_FREE_09,GAMEPLAY,P3_FREE_09,0,UNIT-07,calm,AWAKENING,FREEDOM,I am sorry for what I became.,Assets/_Project/Audio/Voice/Unit07/VO_GP_P3_FREE_09.wav,PENDING,,
VO_GP_P3_FREE_10,GAMEPLAY,P3_FREE_10,0,UNIT-07,calm,AWAKENING,FREEDOM,This campaign ends with my refusal.,Assets/_Project/Audio/Voice/Unit07/VO_GP_P3_FREE_10.wav,PENDING,,
